,gamemode,battletime,p1.name,p2.name,p1.crowns,p2.crowns,p1.card_1,p1.card_2,p1.card_3,p1.card_4,p1.card_5,p1.card_6,p1.card_7,p1.card_8,p2.card_1,p2.card_2,p2.card_3,p2.card_4,p2.card_5,p2.card_6,p2.card_7,p2.card_8
12,Ladder,20211009T020027.000Z,RONNYS™,diegoarmand11,1,0,Skeletons,The Log,Ice Golem,Ice Spirit,Cannon,Musketeer,Hog Rider,Fireball,Mega Knight,Minion Horde,Tesla,Goblin Barrel,Arrows,The Log,Bats,Fire Spirit
13,Ladder,20211009T015409.000Z,RONNYS™,2.6 God™,1,0,Skeletons,The Log,Ice Golem,Ice Spirit,Cannon,Musketeer,Hog Rider,Fireball,Skeletons,Firecracker,Hog Rider,Valkyrie,Fire Spirit,Tesla,The Log,Earthquake
14,Ladder,20211009T014810.000Z,RONNYS™,D@ b0$$,0,1,Skeletons,The Log,Ice Golem,Ice Spirit,Cannon,Musketeer,Hog Rider,Fireball,Knight,Rocket,Goblin Gang,The Log,Ice Spirit,Goblin Barrel,Inferno Tower,Princess
15,Ladder,20211009T014130.000Z,RONNYS™,Nova l Flecha™,1,0,Skeletons,The Log,Ice Golem,Ice Spirit,Cannon,Musketeer,Hog Rider,Fireball,Electro Wizard,Cannon Cart,Goblin Hut,Barbarian Barrel,Mega Minion,Barbarians,Royal Giant,Fireball
16,Ladder,20211009T013606.000Z,RONNYS™,Cory,1,0,Skeletons,The Log,Ice Golem,Ice Spirit,Cannon,Musketeer,Hog Rider,Fireball,Knight,Bats,Miner,The Log,Spear Goblins,Fireball,Tesla,Wall Breakers
17,Ladder,20211009T013211.000Z,RONNYS™,SUB-ZERO,1,0,Skeletons,The Log,Ice Golem,Ice Spirit,Cannon,Musketeer,Hog Rider,Fireball,Ice Golem,Hog Rider,Ice Spirit,Skeletons,Cannon,The Log,Musketeer,Fireball
18,Ladder,20211009T012648.000Z,RONNYS™,♣️♦️Pedal♥️♠️,0,1,Skeletons,The Log,Ice Golem,Ice Spirit,Cannon,Musketeer,Hog Rider,Fireball,Royal Recruits,Wall Breakers,Royal Ghost,Elite Barbarians,Princess,Firecracker,Bandit,Goblin Drill
19,Ladder,20211009T000731.000Z,RONNYS™,•eG Chino•,1,0,Skeletons,The Log,Ice Golem,Ice Spirit,Cannon,Musketeer,Hog Rider,Fireball,The Log,Skeletons,Royal Giant,Fireball,Electro Spirit,Mother Witch,Hunter,Fisherman
0,Ladder,20211010T143331.000Z,Ahmed,Luca‼️,1,0,The Log,Ice Golem,Fireball,Ice Spirit,Hog Rider,Musketeer,Skeletons,Cannon,Royal Giant,Goblins,Barbarians,Minions,Tesla,Princess,Arrows,Fireball
1,Ladder,20211010T142934.000Z,Ahmed,Schattentöter,1,0,The Log,Ice Golem,Fireball,Ice Spirit,Hog Rider,Musketeer,Skeletons,Cannon,Skeletons,Cannon,Ice Spirit,Fireball,Musketeer,Hog Rider,The Log,Ice Golem
2,Ladder,20211010T142426.000Z,Ahmed,PÀRTHÌFÀÑ,1,0,The Log,Ice Golem,Fireball,Ice Spirit,Hog Rider,Musketeer,Skeletons,Cannon,Giant Skeleton,Arrows,Electro Wizard,Goblin Hut,Prince,Bomber,Barbarian Barrel,Graveyard
3,Ladder,20211010T142059.000Z,Ahmed,Spring™️,0,1,The Log,Ice Golem,Fireball,Ice Spirit,Hog Rider,Musketeer,Skeletons,Cannon,Golem,Lumberjack,Dark Prince,Lightning,Baby Dragon,Mega Minion,Tornado,Barbarian Barrel
4,Ladder,20211010T141738.000Z,Ahmed,mad-0,1,2,The Log,Ice Golem,Fireball,Ice Spirit,Hog Rider,Musketeer,Skeletons,Cannon,Lava Hound,Flying Machine,Bats,Skeleton Army,Lumberjack,Fireball,Clone,Baby Dragon
5,Ladder,20211010T141355.000Z,Ahmed,SPN Blueshark❄,1,0,The Log,Ice Golem,Fireball,Ice Spirit,Hog Rider,Musketeer,Skeletons,Cannon,Mega Knight,Flying Machine,Mega Minion,Goblin Cage,Giant Snowball,Fireball,Royal Hogs,Dark Prince
6,Ladder,20211010T140929.000Z,Ahmed,͠Nova┃Hardwwell,1,0,The Log,Ice Golem,Fireball,Ice Spirit,Hog Rider,Musketeer,Skeletons,Cannon,Golem,Giant Skeleton,Night Witch,Mother Witch,Skeleton Army,Flying Machine,Bomber,Clone
7,Ladder,20211010T140609.000Z,Ahmed,에레키드,1,0,The Log,Ice Golem,Fireball,Ice Spirit,Hog Rider,Musketeer,Skeletons,Cannon,Musketeer,Cannon,Ice Spirit,Ice Golem,Hog Rider,Fireball,The Log,Skeletons
8,Ladder,20211010T140218.000Z,Ahmed,@VictorPro39,0,1,The Log,Ice Golem,Fireball,Ice Spirit,Hog Rider,Musketeer,Skeletons,Cannon,Elite Barbarians,Elixir Collector,Royal Ghost,Heal Spirit,Bandit,Three Musketeers,Ice Golem,Barbarian Barrel
9,Ladder,20211010T135901.000Z,Ahmed,Mostafa Eltayeb,2,1,The Log,Ice Golem,Fireball,Ice Spirit,Hog Rider,Musketeer,Skeletons,Cannon,Lava Hound,Baby Dragon,Flying Machine,Clone,Skeleton Army,Giant Snowball,Bats,Lumberjack
10,Ladder,20211010T135235.000Z,Ahmed,zeuzero,0,3,The Log,Ice Golem,Fireball,Ice Spirit,Hog Rider,Musketeer,Skeletons,Cannon,P.E.K.K.A,Battle Ram,Bandit,Royal Ghost,Fisherman,Electro Wizard,Magic Archer,Zap
11,Ladder,20211010T135034.000Z,Ahmed,wilder+Adri❤️,1,2,The Log,Ice Golem,Fireball,Ice Spirit,Hog Rider,Musketeer,Skeletons,Cannon,Lava Hound,Barbarians,Skeleton Dragons,Miner,Inferno Dragon,Balloon,Arrows,Zap
12,Ladder,20211010T134633.000Z,Ahmed,アーサー⚔️円卓の騎士,0,1,The Log,Ice Golem,Fireball,Ice Spirit,Hog Rider,Musketeer,Skeletons,Cannon,Valkyrie,Goblin Barrel,Tesla,Rocket,Princess,Electro Spirit,Skeletons,The Log
13,Ladder,20211010T134108.000Z,Ahmed,⚡NaoR❄,1,0,The Log,Ice Golem,Fireball,Ice Spirit,Hog Rider,Musketeer,Skeletons,Cannon,Giant,Electro Wizard,Miner,Prince,Dark Prince,Zap,Mega Minion,Fireball
14,Ladder,20211010T133711.000Z,Ahmed,rondilla,0,1,The Log,Ice Golem,Fireball,Ice Spirit,Hog Rider,Musketeer,Skeletons,Cannon,Musketeer,Cannon,Ice Spirit,Ice Golem,Hog Rider,Fireball,The Log,Skeletons
15,Ladder,20211010T133210.000Z,Ahmed,マカロニえんぴつ,1,0,The Log,Ice Golem,Fireball,Ice Spirit,Hog Rider,Musketeer,Skeletons,Cannon,Knight,Ice Spirit,Tesla,Skeletons,Princess,Goblin Barrel,The Log,Rocket
16,Ladder,20211010T132659.000Z,Ahmed,ゆしさん@過剰防衛しがち,0,1,The Log,Ice Golem,Fireball,Ice Spirit,Hog Rider,Musketeer,Skeletons,Cannon,Graveyard,Knight,Ice Wizard,Baby Dragon,Goblin Cage,Barbarian Barrel,Tornado,Fireball
17,Ladder,20211010T132341.000Z,Ahmed,The PUNISHER,1,0,The Log,Ice Golem,Fireball,Ice Spirit,Hog Rider,Musketeer,Skeletons,Cannon,Flying Machine,Lumberjack,Skeleton Army,Fireball,Baby Dragon,Clone,Lava Hound,Bats
18,Ladder,20211010T132009.000Z,Ahmed,phatcat,0,1,The Log,Ice Golem,Fireball,Ice Spirit,Hog Rider,Musketeer,Skeletons,Cannon,Tornado,Inferno Dragon,Lightning,Dark Prince,Bomber,Electro Giant,Goblin Cage,Mother Witch
19,Ladder,20211010T131503.000Z,Ahmed,L u d❗️,1,0,The Log,Ice Golem,Fireball,Ice Spirit,Hog Rider,Musketeer,Skeletons,Cannon,Barbarian Barrel,Fireball,Miner,Ice Wizard,Mega Minion,Royal Giant,Skeletons,Tornado
20,Ladder,20211010T131123.000Z,Ahmed,king is best,1,0,The Log,Ice Golem,Fireball,Ice Spirit,Hog Rider,Musketeer,Skeletons,Cannon,The Log,Musketeer,Hog Rider,Ice Spirit,Skeletons,Cannon,Fireball,Ice Golem
21,Ladder,20211010T130607.000Z,Ahmed,典型妻管严,0,1,The Log,Ice Golem,Fireball,Ice Spirit,Hog Rider,Musketeer,Skeletons,Cannon,Giant,Graveyard,Dark Prince,Inferno Dragon,Fireball,Skeleton Army,Witch,Arrows
22,Ladder,20211010T130256.000Z,Ahmed,Sohrab,0,1,The Log,Ice Golem,Fireball,Ice Spirit,Hog Rider,Musketeer,Skeletons,Cannon,Giant,Arrows,Mini P.E.K.K.A,Mega Minion,Wizard,Bowler,Tornado,Graveyard
23,Ladder,20211010T125919.000Z,Ahmed,Giovanny❤️,1,0,The Log,Ice Golem,Fireball,Ice Spirit,Hog Rider,Musketeer,Skeletons,Cannon,Lumberjack,Balloon,Freeze,Baby Dragon,Bowler,Inferno Dragon,Tornado,Barbarian Barrel
24,Ladder,20211010T125526.000Z,Ahmed,αʍιƦ κhα†αƦ cƦ,1,0,The Log,Ice Golem,Fireball,Ice Spirit,Hog Rider,Musketeer,Skeletons,Cannon,Rage,Goblin Giant,Mini P.E.K.K.A,Zap,Mother Witch,Sparky,Mega Minion,Elite Barbarians
0,Ladder,20211010T132156.000Z,attack,✴Riyad Taflis ⛔,1,0,Hog Rider,Cannon,Skeletons,Fireball,Musketeer,The Log,Ice Golem,Ice Spirit,Goblin Barrel,Tesla,Ice Spirit,Rocket,Goblin Gang,The Log,Princess,Knight
1,Ladder,20211010T131652.000Z,attack,yoan974,3,0,Hog Rider,Cannon,Skeletons,Fireball,Musketeer,The Log,Ice Golem,Ice Spirit,Dark Prince,Goblin Hut,Graveyard,Mega Knight,Arrows,Barbarian Barrel,Zappies,Witch
2,Ladder,20211010T131310.000Z,attack,✫ I ŠHĀDÕW ✨,1,0,Hog Rider,Cannon,Skeletons,Fireball,Musketeer,The Log,Ice Golem,Ice Spirit,Golem,Night Witch,Bomber,Skeleton Army,Wizard,Zap,Elite Barbarians,Tornado
3,Ladder,20211010T130948.000Z,attack,Cood,1,0,Hog Rider,Cannon,Skeletons,Fireball,Musketeer,The Log,Ice Golem,Ice Spirit,Poison,Mega Knight,Inferno Dragon,Electro Wizard,Bandit,Barbarian Barrel,Giant Snowball,Ram Rider
4,Ladder,20211010T130529.000Z,attack,༄ぽにょ皇子༄,1,0,Hog Rider,Cannon,Skeletons,Fireball,Musketeer,The Log,Ice Golem,Ice Spirit,Elite Barbarians,Bandit,Royal Ghost,Cannon Cart,Magic Archer,Hunter,Electro Wizard,Barbarian Barrel
5,Ladder,20211010T130056.000Z,attack,あはは,0,1,Hog Rider,Cannon,Skeletons,Fireball,Musketeer,The Log,Ice Golem,Ice Spirit,Zap,P.E.K.K.A,Executioner,Bowler,Hog Rider,Tornado,Electro Wizard,Fireball
6,Ladder,20211010T125658.000Z,attack,PRP MarceloGod⭐,0,1,Hog Rider,Cannon,Skeletons,Fireball,Musketeer,The Log,Ice Golem,Ice Spirit,Goblin Cage,Fireball,Giant Snowball,Cannon Cart,Mother Witch,Graveyard,Dark Prince,Mega Minion
7,Ladder,20211009T162631.000Z,attack,Trish,1,0,Hog Rider,Cannon,Skeletons,Fireball,Musketeer,The Log,Ice Golem,Ice Spirit,Barbarian Barrel,Royal Ghost,Inferno Dragon,Bandit,Ram Rider,Magic Archer,Lumberjack,Fireball
8,Ladder,20211009T162112.000Z,attack,Gems,0,1,Hog Rider,Cannon,Skeletons,Fireball,Musketeer,The Log,Ice Golem,Ice Spirit,Skeletons,Knight,Tesla,Ice Spirit,Fireball,Archers,X-Bow,The Log
9,Ladder,20211009T161444.000Z,attack,Lava InfernalYT,1,0,Hog Rider,Cannon,Skeletons,Fireball,Musketeer,The Log,Ice Golem,Ice Spirit,Mother Witch,The Log,Fireball,Goblin Cage,Skeleton Dragons,Royal Hogs,Cannon Cart,Skeletons
10,Ladder,20211009T161055.000Z,attack,monkey☆magic,1,0,Hog Rider,Cannon,Skeletons,Fireball,Musketeer,The Log,Ice Golem,Ice Spirit,Musketeer,Giant Snowball,Barbarian Barrel,Ice Golem,Bomb Tower,Skeletons,Balloon,Miner
11,Ladder,20211009T160723.000Z,attack,✨Matze-Rocket✨,0,1,Hog Rider,Cannon,Skeletons,Fireball,Musketeer,The Log,Ice Golem,Ice Spirit,Lava Hound,Lumberjack,Baby Dragon,Flying Machine,Fireball,Skeleton Army,Clone,Bats
12,Ladder,20211009T160348.000Z,attack,Husse16ッ,1,3,Hog Rider,Cannon,Skeletons,Fireball,Musketeer,The Log,Ice Golem,Ice Spirit,Lava Hound,Mega Minion,Skeleton Dragons,Balloon,Guards,Zap,Miner,Fireball
13,Ladder,20211009T155937.000Z,attack,Sofiane JR,0,1,Hog Rider,Cannon,Skeletons,Fireball,Musketeer,The Log,Ice Golem,Ice Spirit,Royal Hogs,Mother Witch,The Log,Cannon Cart,Bats,Skeletons,Goblin Cage,Fireball
14,Ladder,20211009T155438.000Z,attack,Mannuel™,1,0,Hog Rider,Cannon,Skeletons,Fireball,Musketeer,The Log,Ice Golem,Ice Spirit,Miner,Electro Spirit,The Log,Skeletons,Tesla,Rocket,Royal Delivery,Dark Prince
15,Ladder,20211009T155021.000Z,attack,<c5>嘟小嘟✨,0,1,Hog Rider,Cannon,Skeletons,Fireball,Musketeer,The Log,Ice Golem,Ice Spirit,Golem,Goblin Cage,Skeleton Dragons,Lightning,Night Witch,Baby Dragon,Tornado,Barbarian Barrel
16,Ladder,20211009T144619.000Z,attack,天外飛仙,0,1,Hog Rider,Cannon,Skeletons,Fireball,Musketeer,The Log,Ice Golem,Ice Spirit,Hog Rider,Tesla,Earthquake,The Log,Valkyrie,Firecracker,Skeletons,Electro Spirit
17,Ladder,20211009T144128.000Z,attack,skopy,1,0,Hog Rider,Cannon,Skeletons,Fireball,Musketeer,The Log,Ice Golem,Ice Spirit,Lava Hound,Balloon,Electro Wizard,Skeleton Army,The Log,Archers,Arrows,Mega Minion
18,Ladder,20211009T143735.000Z,attack,Pc l Shu™,0,1,Hog Rider,Cannon,Skeletons,Fireball,Musketeer,The Log,Ice Golem,Ice Spirit,Lava Hound,Mega Minion,Electro Dragon,Goblin Cage,Miner,Guards,Tornado,Flying Machine
19,Ladder,20211009T143315.000Z,attack,THEpro,1,0,Hog Rider,Cannon,Skeletons,Fireball,Musketeer,The Log,Ice Golem,Ice Spirit,Heal Spirit,Royal Ghost,Bandit,Elite Barbarians,Battle Ram,Mother Witch,Magic Archer,Barbarian Barrel
20,Ladder,20211008T130531.000Z,attack,ピーポング１,1,0,Hog Rider,Cannon,Skeletons,Fireball,Musketeer,The Log,Ice Golem,Ice Spirit,Golem,Night Witch,Lumberjack,Baby Dragon,Mega Minion,Barbarian Barrel,Tornado,Lightning
21,Ladder,20211008T125325.000Z,attack,すずかもね？,1,0,Hog Rider,Cannon,Skeletons,Fireball,Musketeer,The Log,Ice Golem,Ice Spirit,Skeletons,Knight,Tesla,Electro Spirit,Goblin Barrel,Fireball,The Log,Princess
22,Ladder,20211008T124606.000Z,attack,⭐️King⭐️Texas⚡️,1,0,Hog Rider,Cannon,Skeletons,Fireball,Musketeer,The Log,Ice Golem,Ice Spirit,P.E.K.K.A,Mini P.E.K.K.A,Balloon,Baby Dragon,Freeze,Tornado,Electro Dragon,Barbarian Barrel
23,Ladder,20211008T124214.000Z,attack,Manjima✨,1,0,Hog Rider,Cannon,Skeletons,Fireball,Musketeer,The Log,Ice Golem,Ice Spirit,Goblin Barrel,Dart Goblin,The Log,Rascals,Prince,Fireball,Guards,Princess
24,Ladder,20211008T123655.000Z,attack,Assassin98,1,2,Hog Rider,Cannon,Skeletons,Fireball,Musketeer,The Log,Ice Golem,Ice Spirit,Lava Hound,Barbarians,Arrows,Baby Dragon,Miner,Skeleton Army,Flying Machine,Inferno Dragon
0,Ladder,20211007T025320.000Z,Nova I venom™,♤ FIĐEL ♤,1,0,Ice Golem,Hog Rider,Musketeer,Tesla,Ice Spirit,Skeletons,Fireball,The Log,Royal Recruits,Minions,Balloon,Miner,Inferno Dragon,Fireball,Lumberjack,Zap
1,Ladder,20211007T024936.000Z,Nova I venom™,DREWBEE900,1,0,Ice Golem,Hog Rider,Musketeer,Tesla,Ice Spirit,Skeletons,Fireball,The Log,Lava Hound,Fireball,Minions,Balloon,Skeleton Army,Tombstone,Baby Dragon,Zap
2,Ladder,20211007T024538.000Z,Nova I venom™,RWV GT,1,0,Ice Golem,Hog Rider,Musketeer,Tesla,Ice Spirit,Skeletons,Fireball,The Log,Dark Prince,Royal Hogs,Heal Spirit,Barbarian Barrel,Zappies,Hunter,Cannon Cart,Fireball
3,Ladder,20211007T024020.000Z,Nova I venom™,JOEMOMMA21,0,1,Ice Golem,Hog Rider,Musketeer,Tesla,Ice Spirit,Skeletons,Fireball,The Log,Lumberjack,Bats,Balloon,Prince,Mega Knight,Inferno Dragon,Skeleton Army,Zap
4,Ladder,20211007T022831.000Z,Nova I venom™,Teddy,1,0,Ice Golem,Hog Rider,Musketeer,Tesla,Ice Spirit,Skeletons,Fireball,The Log,Inferno Dragon,Bomber,Dark Prince,Electro Giant,Goblin Cage,Mother Witch,Lightning,Tornado
5,Ladder,20211007T022146.000Z,Nova I venom™,✌RA❤VictorDani✌,1,0,Ice Golem,Hog Rider,Musketeer,Tesla,Ice Spirit,Skeletons,Fireball,The Log,Princess,Dark Prince,Giant Snowball,Goblin Barrel,Rascals,Bandit,Cannon Cart,Rocket
6,Ladder,20211007T021812.000Z,Nova I venom™,Epic RockstaR,0,1,Ice Golem,Hog Rider,Musketeer,Tesla,Ice Spirit,Skeletons,Fireball,The Log,Graveyard,Mega Minion,Arrows,Tombstone,Bowler,Freeze,Knight,Ice Wizard
7,Ladder,20211007T021300.000Z,Nova I venom™,Jacob™️,1,0,Ice Golem,Hog Rider,Musketeer,Tesla,Ice Spirit,Skeletons,Fireball,The Log,Ram Rider,Inferno Dragon,Magic Archer,Lumberjack,Bandit,Barbarian Barrel,Fireball,Ice Golem
8,Ladder,20211007T020538.000Z,Nova I venom™,CR7,1,0,Ice Golem,Hog Rider,Musketeer,Tesla,Ice Spirit,Skeletons,Fireball,The Log,Mega Knight,Prince,Goblin Drill,Fireball,Zap,Mother Witch,Fisherman,Inferno Dragon
9,Ladder,20211007T001943.000Z,Nova I venom™,jorge navarrete,2,1,Lava Hound,Baby Dragon,Flying Machine,Bats,Lumberjack,Skeleton Army,Clone,Arrows,Cannon,The Log,Hog Rider,Musketeer,Skeletons,Fireball,Ice Spirit,Ice Golem
10,Ladder,20211007T001631.000Z,Nova I venom™,B Host,1,0,Lava Hound,Baby Dragon,Flying Machine,Bats,Lumberjack,Skeleton Army,Clone,Arrows,Royal Recruits,Furnace,Skeleton Dragons,Zappies,Royal Ghost,Goblin Hut,Fireball,Cannon Cart
11,Ladder,20211007T001320.000Z,Nova I venom™,Lancelot,2,1,Lava Hound,Baby Dragon,Flying Machine,Bats,Lumberjack,Skeleton Army,Clone,Arrows,Royal Hogs,Mother Witch,Royal Recruits,Flying Machine,Zappies,Barbarian Barrel,Goblin Cage,Fireball
12,Ladder,20211007T001001.000Z,Nova I venom™,ShaSeb Feik,1,2,Lava Hound,Baby Dragon,Flying Machine,Bats,Lumberjack,Skeleton Army,Clone,Arrows,Goblin Gang,Hog Rider,Fireball,Inferno Tower,Skeleton Army,The Log,Princess,Bandit
13,Ladder,20211007T000643.000Z,Nova I venom™,BTN✡️Shinobi㊙️☯,3,0,Lava Hound,Baby Dragon,Flying Machine,Bats,Lumberjack,Skeleton Army,Clone,Arrows,Fisherman,Goblin Cage,Royal Hogs,Arrows,Royal Recruits,Flying Machine,Electro Wizard,Fireball
14,Ladder,20211007T000507.000Z,Nova I venom™,Viktor,2,1,Lava Hound,Baby Dragon,Flying Machine,Bats,Lumberjack,Skeleton Army,Clone,Arrows,Hog Rider,Ice Golem,Musketeer,Fireball,Ice Spirit,Skeletons,Cannon,The Log
15,Ladder,20211007T000012.000Z,Nova I venom™,CHS l S.Morant,3,0,Lava Hound,Baby Dragon,Flying Machine,Bats,Lumberjack,Skeleton Army,Clone,Arrows,Royal Hogs,Cannon Cart,Goblin Cage,Mother Witch,Skeleton Dragons,Skeletons,Fireball,The Log
16,Ladder,20211006T235742.000Z,Nova I venom™,ali,2,1,Lava Hound,Baby Dragon,Flying Machine,Bats,Lumberjack,Skeleton Army,Clone,Arrows,P.E.K.K.A,Giant Skeleton,Barbarians,Balloon,Minion Horde,Wizard,Mini P.E.K.K.A,Arrows
17,Ladder,20211006T235431.000Z,Nova I venom™,HeadAche,3,1,Lava Hound,Baby Dragon,Flying Machine,Bats,Lumberjack,Skeleton Army,Clone,Arrows,P.E.K.K.A,Electro Dragon,Ram Rider,Goblin Cage,Mother Witch,Bandit,Fireball,Barbarian Barrel
18,Ladder,20211006T235158.000Z,Nova I venom™,DavidCuyan,1,2,Lava Hound,Baby Dragon,Flying Machine,Bats,Lumberjack,Skeleton Army,Clone,Arrows,Goblin Giant,Prince,Minion Horde,Poison,Dark Prince,Mother Witch,Electro Wizard,Giant Snowball
19,Ladder,20211006T234826.000Z,Nova I venom™,NHK,3,0,Lava Hound,Baby Dragon,Flying Machine,Bats,Lumberjack,Skeleton Army,Clone,Arrows,Spear Goblins,Miner,Minion Horde,Goblin Gang,Cannon Cart,Mortar,The Log,Fireball
20,Ladder,20211006T234520.000Z,Nova I venom™,don'teventry,1,0,Lava Hound,Baby Dragon,Flying Machine,Bats,Lumberjack,Skeleton Army,Clone,Arrows,Lava Hound,Miner,Giant Snowball,Goblin Cage,Barbarians,Skeleton Dragons,Poison,Inferno Dragon
21,Ladder,20211006T234026.000Z,Nova I venom™,R U B Ã O ⭐,1,2,Lava Hound,Baby Dragon,Flying Machine,Bats,Lumberjack,Skeleton Army,Clone,Arrows,Zap,Bandit,Magic Archer,Battle Ram,Electro Wizard,Royal Ghost,P.E.K.K.A,Fireball
22,Ladder,20211006T233709.000Z,Nova I venom™,БЕЛЫЙ ВОЛК,2,1,Lava Hound,Baby Dragon,Flying Machine,Bats,Lumberjack,Skeleton Army,Clone,Arrows,Graveyard,Dark Prince,Giant,Skeleton Army,Hunter,Fireball,Arrows,Witch
23,Ladder,20211006T233349.000Z,Nova I venom™,Dana,2,1,Lava Hound,Baby Dragon,Flying Machine,Bats,Lumberjack,Skeleton Army,Clone,Arrows,Balloon,Rage,Fireball,Mega Knight,Minions,Witch,Mini P.E.K.K.A,Inferno Dragon
24,Ladder,20211006T233036.000Z,Nova I venom™,blackzack,3,2,Lava Hound,Baby Dragon,Flying Machine,Bats,Lumberjack,Skeleton Army,Clone,Arrows,Elixir Collector,Golem,Tornado,Mega Minion,Night Witch,Lumberjack,Baby Dragon,Rocket
34,Ladder,20210918T043453.000Z,Nova I venom™,あさひなすずか,0,1,X-Bow,Tesla,Knight,Musketeer,Electro Spirit,Skeletons,Fireball,The Log,Royal Hogs,Valkyrie,Zappies,Cannon Cart,Flying Machine,Goblin Hut,Fireball,Arrows
35,Ladder,20210918T023417.000Z,Nova I venom™,King Erik,1,0,X-Bow,Tesla,Knight,Musketeer,Electro Spirit,Skeletons,Fireball,The Log,Princess,Barbarian Barrel,Goblin Barrel,Dart Goblin,Prince,Rocket,Rascals,Goblin Gang
36,Ladder,20210918T022827.000Z,Nova I venom™,すばらっ！,0,1,X-Bow,Tesla,Knight,Musketeer,Electro Spirit,Skeletons,Fireball,The Log,Knight,Graveyard,Bomb Tower,Mega Minion,Archers,Poison,Skeletons,Barbarian Barrel
37,Ladder,20210918T022304.000Z,Nova I venom™,tec tec,0,3,X-Bow,Tesla,Knight,Musketeer,Electro Spirit,Skeletons,Fireball,The Log,Sparky,Dark Prince,Mini P.E.K.K.A,Mega Minion,Zap,Goblin Giant,Electro Wizard,Rage
38,Ladder,20210918T021944.000Z,Nova I venom™,JOELROCK17,1,0,X-Bow,Tesla,Knight,Musketeer,Electro Spirit,Skeletons,Fireball,The Log,Dark Prince,Mega Minion,Electro Wizard,Zap,Goblin Giant,Sparky,Arrows,Elite Barbarians
39,Ladder,20210918T021529.000Z,Nova I venom™,开心果~,0,1,X-Bow,Tesla,Knight,Musketeer,Electro Spirit,Skeletons,Fireball,The Log,Bandit,P.E.K.K.A,Royal Ghost,Mother Witch,Barbarian Barrel,Ram Rider,Electro Wizard,Fireball
40,Ladder,20210918T021156.000Z,Nova I venom™,✨Law✨,0,1,X-Bow,Tesla,Knight,Musketeer,Electro Spirit,Skeletons,Fireball,The Log,Zappies,Flying Machine,Royal Hogs,Fireball,Royal Recruits,Goblin Cage,Barbarian Barrel,Arrows
41,Ladder,20210918T020707.000Z,Nova I venom™,あの,1,0,X-Bow,Tesla,Knight,Musketeer,Electro Spirit,Skeletons,Fireball,The Log,Hunter,The Log,Royal Hogs,Bomber,Earthquake,Skeletons,Electro Spirit,Royal Delivery
42,Ladder,20210916T123443.000Z,Nova I venom™,Deep I yamashun,0,1,X-Bow,Tesla,Knight,Musketeer,Electro Spirit,Skeletons,Fireball,The Log,Golem,Night Witch,Goblin Cage,Baby Dragon,Skeleton Dragons,Barbarian Barrel,Tornado,Lightning
43,Ladder,20210916T122740.000Z,Nova I venom™,Nova i popote,1,0,X-Bow,Tesla,Knight,Musketeer,Electro Spirit,Skeletons,Fireball,The Log,Ice Spirit,Princess,Rocket,Knight,The Log,Goblin Barrel,Goblin Gang,Inferno Tower
0,Ladder,20211010T020520.000Z,jorge navarrete,NS｜黎明,1,0,Cannon,The Log,Hog Rider,Musketeer,Skeletons,Fireball,Ice Spirit,Ice Golem,Giant,Prince,Dark Prince,Mega Minion,Miner,Electro Wizard,Zap,Fireball
1,Ladder,20211010T020122.000Z,jorge navarrete,T.S.E.⚡巴萨,1,0,Cannon,The Log,Hog Rider,Musketeer,Skeletons,Fireball,Ice Spirit,Ice Golem,The Log,Guards,Furnace,Inferno Tower,Dark Prince,Miner,Fireball,Minion Horde
2,Ladder,20211010T015534.000Z,jorge navarrete,MasterHenz,1,0,Cannon,The Log,Hog Rider,Musketeer,Skeletons,Fireball,Ice Spirit,Ice Golem,Ram Rider,Electro Wizard,Fisherman,Mother Witch,P.E.K.K.A,Dark Prince,Fireball,Bandit
3,Ladder,20211010T015008.000Z,jorge navarrete,わなかん,1,0,Cannon,The Log,Hog Rider,Musketeer,Skeletons,Fireball,Ice Spirit,Ice Golem,Inferno Dragon,Ram Rider,Fireball,Barbarian Barrel,Lumberjack,Bandit,Heal Spirit,Magic Archer
4,Ladder,20211010T014447.000Z,jorge navarrete,KeremIsGod⭐,1,0,Cannon,The Log,Hog Rider,Musketeer,Skeletons,Fireball,Ice Spirit,Ice Golem,Firecracker,Skeletons,Royal Giant,The Log,Prince,Electro Wizard,Miner,Fireball
0,Ladder,20211010T164542.000Z,TKs007⚔Josue,Jorge,1,0,Cannon,Musketeer,Fireball,The Log,Hog Rider,Ice Golem,Ice Spirit,Skeletons,Bowler,Balloon,Lumberjack,Inferno Dragon,Baby Dragon,Freeze,Tornado,Barbarian Barrel
1,Ladder,20211010T163756.000Z,TKs007⚔Josue,wwwwwwww,0,1,Cannon,Musketeer,Fireball,The Log,Hog Rider,Ice Golem,Ice Spirit,Skeletons,Mega Knight,Hog Rider,Inferno Dragon,Electro Wizard,Goblin Gang,Bats,Poison,Zap
2,Ladder,20211010T163313.000Z,TKs007⚔Josue,simo bn❤️⚡,1,0,Cannon,Musketeer,Fireball,The Log,Hog Rider,Ice Golem,Ice Spirit,Skeletons,Magic Archer,Fireball,Zap,Electro Wizard,Bandit,Battle Ram,Royal Ghost,P.E.K.K.A
3,Ladder,20211010T162724.000Z,TKs007⚔Josue,CHN｜A l p h q q,0,1,Cannon,Musketeer,Fireball,The Log,Hog Rider,Ice Golem,Ice Spirit,Skeletons,Goblin Drill,Fire Spirit,Valkyrie,Skeletons,Bomber,Wall Breakers,Tesla,Rocket
4,Ladder,20211010T162140.000Z,TKs007⚔Josue,༄Nexus❤️YTB,0,3,Cannon,Musketeer,Fireball,The Log,Hog Rider,Ice Golem,Ice Spirit,Skeletons,The Log,X-Bow,Skeletons,Tesla,Valkyrie,Tornado,Rocket,Ice Wizard
6,Ladder,20211009T174130.000Z,TKs007⚔Josue,CHN丨sight✨,1,0,Cannon,Musketeer,Fireball,The Log,Hog Rider,Ice Golem,Ice Spirit,Skeletons,Lumberjack,Inferno Dragon,Ram Rider,Magic Archer,The Log,Fireball,Bandit,Ice Golem
7,Ladder,20211009T173440.000Z,TKs007⚔Josue,LD 部落最靓的仔,2,0,Cannon,Musketeer,Fireball,The Log,Hog Rider,Ice Golem,Ice Spirit,Skeletons,Royal Giant,Giant Skeleton,Mother Witch,Goblin Barrel,Skeleton Army,Zappies,Bomber,Arrows
8,Ladder,20211009T172828.000Z,TKs007⚔Josue,TAME™️,1,2,Cannon,Musketeer,Fireball,The Log,Hog Rider,Ice Golem,Ice Spirit,Skeletons,Giant,Fireball,Witch,Dark Prince,Arrows,Inferno Dragon,Graveyard,Fisherman
9,Ladder,20211009T172321.000Z,TKs007⚔Josue,★★EVER★★,1,0,Cannon,Musketeer,Fireball,The Log,Hog Rider,Ice Golem,Ice Spirit,Skeletons,Firecracker,Electro Spirit,Earthquake,Hog Rider,Tesla,The Log,Valkyrie,Skeletons
10,Ladder,20211009T171841.000Z,TKs007⚔Josue,TRB Miniminter,1,0,Cannon,Musketeer,Fireball,The Log,Hog Rider,Ice Golem,Ice Spirit,Skeletons,Balloon,Barbarian Barrel,Miner,Knight,Giant Snowball,Mega Minion,Archers,Bomb Tower
11,Ladder,20211009T171206.000Z,TKs007⚔Josue,<c2>⚡️Manuel⚡️,0,1,Cannon,Musketeer,Fireball,The Log,Hog Rider,Ice Golem,Ice Spirit,Skeletons,Giant,Graveyard,Arrows,Bats,Musketeer,Giant Snowball,Elite Barbarians,Skeleton Army
12,Ladder,20211009T170703.000Z,TKs007⚔Josue,SͥAIͣNͫT✨くちー✨,1,0,Cannon,Musketeer,Fireball,The Log,Hog Rider,Ice Golem,Ice Spirit,Skeletons,Tornado,Guards,Mega Minion,Goblin Cage,Mother Witch,Prince,Lightning,Electro Giant
13,Ladder,20211009T170049.000Z,TKs007⚔Josue,EA Gabs™️✨,1,0,Cannon,Musketeer,Fireball,The Log,Hog Rider,Ice Golem,Ice Spirit,Skeletons,Giant Snowball,Mega Minion,Barbarian Barrel,Tornado,Bowler,Golem,Inferno Dragon,Graveyard
14,Ladder,20211009T165732.000Z,TKs007⚔Josue,⭐NS I 이지후⭐™️,0,1,Cannon,Musketeer,Fireball,The Log,Hog Rider,Ice Golem,Ice Spirit,Skeletons,Goblin Barrel,Ice Spirit,Spear Goblins,Skeleton Army,Inferno Tower,The Log,Fireball,Fire Spirit
15,Ladder,20211009T165131.000Z,TKs007⚔Josue,⚜️EpIc $lAyEr⚜️,1,0,Cannon,Musketeer,Fireball,The Log,Hog Rider,Ice Golem,Ice Spirit,Skeletons,Mega Knight,Firecracker,Zap,Electro Wizard,Hog Rider,Goblin Gang,Bandit,Dark Prince
16,Ladder,20211009T164627.000Z,TKs007⚔Josue,Matte™️,2,1,Cannon,Musketeer,Fireball,The Log,Hog Rider,Ice Golem,Ice Spirit,Skeletons,Ice Golem,Bomb Tower,Giant Snowball,Barbarian Barrel,Miner,Skeletons,Musketeer,Balloon
17,Ladder,20211008T184136.000Z,TKs007⚔Josue,☻SMILE♡,1,0,Cannon,Musketeer,Fireball,The Log,Hog Rider,Ice Golem,Ice Spirit,Skeletons,The Log,Skeletons,Royal Giant,Fireball,Electro Spirit,Mother Witch,Mega Minion,Fisherman
18,Ladder,20211008T183624.000Z,TKs007⚔Josue,StevenG™,1,2,Cannon,Musketeer,Fireball,The Log,Hog Rider,Ice Golem,Ice Spirit,Skeletons,Lava Hound,Mega Minion,Flying Machine,Miner,Fireball,Goblin Cage,Guards,Baby Dragon
19,Ladder,20211008T183138.000Z,TKs007⚔Josue,EA DENISITOPROX,0,1,Cannon,Musketeer,Fireball,The Log,Hog Rider,Ice Golem,Ice Spirit,Skeletons,Giant Skeleton,Knight,Wizard,Hog Rider,Fireball,Skeleton Army,The Log,Tornado
20,Ladder,20211008T182621.000Z,TKs007⚔Josue,MONPAN,1,0,Cannon,Musketeer,Fireball,The Log,Hog Rider,Ice Golem,Ice Spirit,Skeletons,Golem,Night Witch,Baby Dragon,Mega Minion,Barbarian Barrel,Goblin Cage,Lightning,Tornado
21,Ladder,20211008T182218.000Z,TKs007⚔Josue,TESTERE,1,0,Cannon,Musketeer,Fireball,The Log,Hog Rider,Ice Golem,Ice Spirit,Skeletons,Giant,Mega Minion,Guards,Zap,Hunter,The Log,Fireball,Miner
22,Ladder,20211008T181805.000Z,TKs007⚔Josue,⚡SUDONETE龍™⚡,0,1,Cannon,Musketeer,Fireball,The Log,Hog Rider,Ice Golem,Ice Spirit,Skeletons,Valkyrie,Mega Knight,Inferno Dragon,Ram Rider,Barbarian Barrel,Bats,Arrows,Zap
23,Ladder,20211008T181413.000Z,TKs007⚔Josue,༄Nexus❤️YTB,0,1,Cannon,Musketeer,Fireball,The Log,Hog Rider,Ice Golem,Ice Spirit,Skeletons,The Log,X-Bow,Skeletons,Tesla,Valkyrie,Tornado,Rocket,Ice Wizard
24,Ladder,20211008T180944.000Z,TKs007⚔Josue,one,1,0,Cannon,Musketeer,Fireball,The Log,Hog Rider,Ice Golem,Ice Spirit,Skeletons,Giant Skeleton,Elite Barbarians,Skeleton Barrel,Mother Witch,Flying Machine,Furnace,Clone,Cannon Cart
0,Ladder,20211010T170408.000Z,KES2LEY,<c2>⚡️Manuel⚡️,0,1,Hog Rider,Bats,Minion Horde,Goblin Gang,Spear Goblins,Zap,Mortar,Fireball,Musketeer,Graveyard,Arrows,Bats,Giant,Giant Snowball,Elite Barbarians,Skeleton Army
1,Ladder,20211010T165920.000Z,KES2LEY,simo bn❤️⚡,0,1,Hog Rider,Bats,Minion Horde,Goblin Gang,Spear Goblins,Zap,Mortar,Fireball,Magic Archer,Fireball,Zap,Electro Wizard,Bandit,Battle Ram,Royal Ghost,P.E.K.K.A
2,Ladder,20211010T165402.000Z,KES2LEY,Alex,3,0,Hog Rider,Bats,Minion Horde,Goblin Gang,Spear Goblins,Zap,Mortar,Fireball,Spear Goblins,Bats,Fireball,Tesla,The Log,Miner,Wall Breakers,Valkyrie
3,Ladder,20211010T164923.000Z,KES2LEY,CHN｜A l p h q q,0,1,Hog Rider,Bats,Minion Horde,Goblin Gang,Spear Goblins,Zap,Mortar,Fireball,Goblin Drill,Fire Spirit,Valkyrie,Skeletons,Bomber,Wall Breakers,Tesla,Rocket
4,Ladder,20211010T164255.000Z,KES2LEY,Saul Goodman,1,0,Hog Rider,Bats,Minion Horde,Goblin Gang,Spear Goblins,Zap,Mortar,Fireball,Spear Goblins,Wall Breakers,Magic Archer,Tornado,Fireball,Miner,Valkyrie,Bomb Tower
5,Ladder,20211010T163622.000Z,KES2LEY,(S*・ﻌ・*T),1,0,Hog Rider,Bats,Minion Horde,Goblin Gang,Spear Goblins,Zap,Mortar,Fireball,Goblin Giant,Sparky,Mini P.E.K.K.A,Dark Prince,Electro Wizard,Mega Minion,Rage,Zap
6,Ladder,20211010T162452.000Z,KES2LEY,The Goat,1,0,Hog Rider,Bats,Minion Horde,Goblin Gang,Spear Goblins,Zap,Mortar,Fireball,Valkyrie,Skeleton Barrel,Goblin Barrel,Wall Breakers,Tesla,Firecracker,Goblin Gang,Skeleton Army
7,Ladder,20211010T162032.000Z,KES2LEY,爱耻Zyzz-,1,0,Hog Rider,Bats,Minion Horde,Goblin Gang,Spear Goblins,Zap,Mortar,Fireball,Bomber,Goblin Drill,Wall Breakers,Fire Spirit,Skeleton Army,Valkyrie,Fireball,Inferno Tower
8,Ladder,20211010T161654.000Z,KES2LEY,Renan♥️Larissa♬,1,0,Hog Rider,Bats,Minion Horde,Goblin Gang,Spear Goblins,Zap,Mortar,Fireball,Golem,Night Witch,Electro Dragon,Skeleton Dragons,Tornado,Fireball,Guards,Fisherman
9,Ladder,20211010T160933.000Z,KES2LEY,Savage,2,1,Hog Rider,Bats,Minion Horde,Goblin Gang,Spear Goblins,Zap,Mortar,Fireball,Lava Hound,Balloon,Barbarians,Miner,Minion Horde,Minions,Zap,Arrows
10,Ladder,20211010T160416.000Z,KES2LEY,EzeQuiel,1,2,Hog Rider,Bats,Minion Horde,Goblin Gang,Spear Goblins,Zap,Mortar,Fireball,Lava Hound,Skeleton Dragons,Miner,Barbarians,Zap,Balloon,Arrows,Inferno Dragon
11,Ladder,20211010T160006.000Z,KES2LEY,♣️♦️Pedal♥️♠️,0,1,Hog Rider,Bats,Minion Horde,Goblin Gang,Spear Goblins,Zap,Mortar,Fireball,Royal Recruits,Wall Breakers,Royal Ghost,Elite Barbarians,Princess,Executioner,Bandit,Goblin Drill
12,Ladder,20211010T155608.000Z,KES2LEY,Gary,0,1,Hog Rider,Bats,Minion Horde,Goblin Gang,Spear Goblins,Zap,Mortar,Fireball,Goblin Cage,Barbarian Barrel,Zappies,Fireball,Royal Recruits,Royal Hogs,Flying Machine,Arrows
13,Ladder,20211010T155101.000Z,KES2LEY,Perceuzin,1,3,Hog Rider,Bats,Minion Horde,Goblin Gang,Spear Goblins,Zap,Mortar,Fireball,Zap,Bandit,Magic Archer,Battle Ram,Electro Wizard,Royal Ghost,P.E.K.K.A,Fireball
14,Ladder,20211010T154711.000Z,KES2LEY,SMILES,0,1,Hog Rider,Bats,Minion Horde,Goblin Gang,Spear Goblins,Zap,Mortar,Fireball,Goblin Cage,Barbarian Barrel,Zappies,Fireball,Royal Recruits,Royal Hogs,Flying Machine,Arrows
15,Ladder,20211010T152826.000Z,KES2LEY,CMG Zwiebler_Cr,1,0,Hog Rider,Bats,Minion Horde,Goblin Gang,Spear Goblins,Zap,Mortar,Fireball,Goblin Cage,Valkyrie,Fireball,Ice Wizard,Tornado,Barbarian Barrel,Graveyard,Baby Dragon
16,Ladder,20211010T152256.000Z,KES2LEY,CHN｜A l p h q q,1,0,Hog Rider,Bats,Minion Horde,Goblin Gang,Spear Goblins,Zap,Mortar,Fireball,Valkyrie,Fire Spirit,Miner,Rocket,Royal Delivery,Skeletons,Tesla,The Log
17,Ladder,20211010T151901.000Z,KES2LEY,Savage,2,1,Hog Rider,Bats,Minion Horde,Goblin Gang,Spear Goblins,Zap,Mortar,Fireball,Lava Hound,Balloon,Barbarians,Miner,Minion Horde,Minions,Zap,Arrows
18,Ladder,20211010T151509.000Z,KES2LEY,TAME™️,3,0,Hog Rider,Bats,Minion Horde,Goblin Gang,Spear Goblins,Zap,Mortar,Fireball,Giant,Fireball,Witch,Dark Prince,Arrows,Inferno Dragon,Graveyard,Fisherman
19,Ladder,20211010T151214.000Z,KES2LEY,༄Nexus❤️YTB,1,0,Hog Rider,Bats,Minion Horde,Goblin Gang,Spear Goblins,Zap,Mortar,Fireball,The Log,X-Bow,Skeletons,Tesla,Valkyrie,Tornado,Rocket,Ice Wizard
20,Ladder,20211010T150736.000Z,KES2LEY,<c2>⚡️Manuel⚡️,1,0,Hog Rider,Bats,Minion Horde,Goblin Gang,Spear Goblins,Zap,Mortar,Fireball,Musketeer,Graveyard,Arrows,Bats,Giant,Giant Snowball,Elite Barbarians,Skeleton Army
21,Ladder,20211010T150258.000Z,KES2LEY,Big Jasp TV,0,1,Hog Rider,Bats,Minion Horde,Goblin Gang,Spear Goblins,Zap,Mortar,Fireball,P.E.K.K.A,Mother Witch,Dark Prince,Ram Rider,Bandit,Zap,Fireball,Electro Wizard
22,Ladder,20211010T132753.000Z,KES2LEY,strombax,0,2,Hog Rider,Bats,Minion Horde,Goblin Gang,Spear Goblins,Zap,Mortar,Fireball,Magic Archer,Bandit,Electro Wizard,Royal Ghost,Barbarian Barrel,Cannon Cart,Battle Ram,Tornado
23,Ladder,20211010T132416.000Z,KES2LEY,I am Griingo ❄️,2,1,Hog Rider,Bats,Minion Horde,Goblin Gang,Spear Goblins,Zap,Mortar,Fireball,Graveyard,Arrows,Bomber,Tornado,Balloon,Dark Prince,Electro Wizard,P.E.K.K.A
24,Ladder,20211010T131850.000Z,KES2LEY,天GOD,0,1,Hog Rider,Bats,Minion Horde,Goblin Gang,Spear Goblins,Zap,Mortar,Fireball,Royal Giant,Mother Witch,Mega Minion,Fireball,Skeletons,Electro Spirit,Fisherman,The Log
0,Ladder,20211010T155557.000Z,Cany,↪❣⭐SHAYLA⭐❣↩,0,1,The Log,Guards,Valkyrie,Tesla,Electro Spirit,Princess,Goblin Barrel,Rocket,Mega Knight,Inferno Dragon,Balloon,Witch,Bandit,Skeleton Army,Arrows,Rage
1,Ladder,20211010T155153.000Z,Cany,Owl,0,1,The Log,Guards,Valkyrie,Tesla,Electro Spirit,Princess,Goblin Barrel,Rocket,Miner,Musketeer,Balloon,Bomb Tower,Skeletons,Ice Golem,Barbarian Barrel,Giant Snowball
2,Ladder,20211010T154635.000Z,Cany,CHN｜A l p h q q,0,1,The Log,Guards,Valkyrie,Tesla,Electro Spirit,Princess,Goblin Barrel,Rocket,Valkyrie,Fire Spirit,Miner,Rocket,Royal Delivery,Skeletons,Tesla,The Log
3,Ladder,20211010T154204.000Z,Cany,༄Nexus❤️YTB,0,1,The Log,Guards,Valkyrie,Tesla,Electro Spirit,Princess,Goblin Barrel,Rocket,The Log,X-Bow,Skeletons,Tesla,Valkyrie,Tornado,Rocket,Ice Wizard
4,Ladder,20211010T153806.000Z,Cany,<c2>PcGAmer,1,0,The Log,Guards,Valkyrie,Tesla,Electro Spirit,Princess,Goblin Barrel,Rocket,Musketeer,Cannon,Ice Spirit,Ice Golem,Hog Rider,Fireball,The Log,Skeletons
5,Ladder,20211010T153223.000Z,Cany,Kodigoⓒʀ,1,0,The Log,Guards,Valkyrie,Tesla,Electro Spirit,Princess,Goblin Barrel,Rocket,Giant,Prince,Dark Prince,Miner,Mega Minion,Electro Wizard,Fireball,Zap
6,Ladder,20211010T152827.000Z,Cany,benji^^,0,1,The Log,Guards,Valkyrie,Tesla,Electro Spirit,Princess,Goblin Barrel,Rocket,Valkyrie,Hog Rider,Firecracker,Tesla,Skeletons,Fire Spirit,The Log,Earthquake
7,Ladder,20211010T152308.000Z,Cany,RBN I inSAnE,1,0,The Log,Guards,Valkyrie,Tesla,Electro Spirit,Princess,Goblin Barrel,Rocket,Sparky,Fireball,Goblin Giant,Prince,Zap,Fisherman,Spear Goblins,Mega Minion
8,Ladder,20211010T123445.000Z,Cany,Robin,1,0,The Log,Guards,Valkyrie,Tesla,Electro Spirit,Princess,Goblin Barrel,Rocket,Dart Goblin,Mega Knight,Goblin Barrel,Princess,Prince,Skeleton Army,Bats,Royal Giant
9,Ladder,20211010T123052.000Z,Cany,最強 I りょうすけ,0,1,The Log,Guards,Valkyrie,Tesla,Electro Spirit,Princess,Goblin Barrel,Rocket,Barbarian Barrel,Mother Witch,Flying Machine,Cannon Cart,Furnace,Goblin Hut,Fireball,Elite Barbarians
10,Ladder,20211010T122615.000Z,Cany,UR Lord Kass,0,1,The Log,Guards,Valkyrie,Tesla,Electro Spirit,Princess,Goblin Barrel,Rocket,Royal Giant,Fireball,Skeletons,Royal Ghost,The Log,Fisherman,Hunter,Electro Spirit
11,Ladder,20211010T122005.000Z,Cany,STALKER™,1,0,The Log,Guards,Valkyrie,Tesla,Electro Spirit,Princess,Goblin Barrel,Rocket,P.E.K.K.A,Fireball,Zap,Battle Ram,Magic Archer,Electro Wizard,Bandit,Royal Ghost
16,Ladder,20211010T115816.000Z,Cany,Nuri,1,0,The Log,Guards,Valkyrie,Tesla,Electro Spirit,Princess,Goblin Barrel,Rocket,Musketeer,Goblin Cage,Skeleton Dragons,Fireball,The Log,Electro Spirit,Royal Hogs,Skeletons
17,Ladder,20211010T100009.000Z,Cany,Defineci Mahmut,0,1,Cannon Cart,Goblin Barrel,Princess,Giant Snowball,Rocket,Dark Prince,Spear Goblins,Rascals,Valkyrie,Hog Rider,Skeletons,Earthquake,Fire Spirit,Tesla,Firecracker,The Log
18,Ladder,20211010T095502.000Z,Cany,EA LV⭐️PATRÓN⛄️,0,1,The Log,Guards,Valkyrie,Tesla,Electro Spirit,Princess,Goblin Barrel,Rocket,Cannon Cart,Goblin Barrel,Princess,Giant Snowball,Rocket,Dark Prince,Spear Goblins,Rascals
19,Ladder,20211010T095004.000Z,Cany,SUB-ZERO,0,1,The Log,Guards,Valkyrie,Tesla,Electro Spirit,Princess,Goblin Barrel,Rocket,Miner,Tornado,Bomb Tower,Wall Breakers,Valkyrie,Spear Goblins,Fireball,Magic Archer
20,Ladder,20211010T094501.000Z,Cany,♥️T!M™⚡☠️✨,1,0,The Log,Guards,Valkyrie,Tesla,Electro Spirit,Princess,Goblin Barrel,Rocket,Bomb Tower,The Log,Magic Archer,Miner,Spear Goblins,Tornado,Knight,Wall Breakers
21,Ladder,20211010T094008.000Z,Cany,Owl,0,1,The Log,Guards,Valkyrie,Tesla,Electro Spirit,Princess,Goblin Barrel,Rocket,Miner,Musketeer,Balloon,Bomb Tower,Skeletons,Ice Golem,Barbarian Barrel,Giant Snowball
22,Ladder,20211010T093155.000Z,Cany,~XX~ TIGER ~,1,0,The Log,Guards,Valkyrie,Tesla,Electro Spirit,Princess,Goblin Barrel,Rocket,Minion Horde,Balloon,Freeze,Skeleton Army,Skeleton Barrel,Valkyrie,Barbarian Hut,Firecracker
23,Ladder,20211010T092340.000Z,Cany,tec tec,1,0,The Log,Guards,Valkyrie,Tesla,Electro Spirit,Princess,Goblin Barrel,Rocket,Goblin Giant,Sparky,Elite Barbarians,Electro Wizard,Heal Spirit,Dark Prince,Rage,Zap
24,Ladder,20211010T091925.000Z,Cany,TAKE™,0,1,The Log,Guards,Valkyrie,Tesla,Electro Spirit,Princess,Goblin Barrel,Rocket,Goblin Giant,Minion Horde,Miner,Spear Goblins,Dark Prince,Bats,Zap,Sparky
0,Ladder,20211010T170728.000Z,fryday,Black_Bakasta,1,0,Knight,Skeletons,X-Bow,Ice Spirit,Archers,Fireball,Tesla,The Log,Golem,Dark Prince,Goblin Cage,Electro Dragon,Cannon Cart,Barbarian Barrel,Baby Dragon,Tornado
1,Ladder,20211010T170126.000Z,fryday,Enrico 2005,0,1,Knight,Skeletons,X-Bow,Ice Spirit,Archers,Fireball,Tesla,The Log,Miner,The Log,Valkyrie,Bats,Spear Goblins,Wall Breakers,Fireball,Bomb Tower
2,Ladder,20211010T165526.000Z,fryday,メリオダス⚔️,1,0,Knight,Skeletons,X-Bow,Ice Spirit,Archers,Fireball,Tesla,The Log,Ice Spirit,The Log,Princess,Goblin Gang,Goblin Barrel,Prince,Rascals,Rocket
3,Ladder,20211010T164931.000Z,fryday,<c2>⚡️Manuel⚡️,1,3,Knight,Skeletons,X-Bow,Ice Spirit,Archers,Fireball,Tesla,The Log,Musketeer,Graveyard,Arrows,Bats,Giant,Giant Snowball,Elite Barbarians,Skeleton Army
4,Ladder,20211010T164542.000Z,fryday,Alex,0,1,Knight,Skeletons,X-Bow,Ice Spirit,Archers,Fireball,Tesla,The Log,Spear Goblins,Bats,Fireball,Tesla,The Log,Miner,Wall Breakers,Valkyrie
5,Ladder,20211010T163945.000Z,fryday,RamboOo,1,0,Knight,Skeletons,X-Bow,Ice Spirit,Archers,Fireball,Tesla,The Log,Hog Rider,Tornado,Goblin Gang,Minion Horde,Executioner,Zap,Elite Barbarians,Freeze
0,Ladder,20211010T164026.000Z,<c3>Kou<c4>bele,龍溪｜Nick,1,0,Arrows,Dark Prince,Fireball,Giant,Graveyard,Inferno Dragon,Skeleton Army,Witch,Golem,Baby Dragon,Prince,Mega Minion,Tombstone,Lightning,Tornado,Barbarian Barrel
1,Ladder,20211010T163422.000Z,<c3>Kou<c4>bele,carka,2,1,Inferno Dragon,Electro Dragon,Elixir Golem,Battle Healer,Elite Barbarians,Bomber,Rage,Arrows,Sparky,Inferno Dragon,Bandit,Magic Archer,Mega Knight,Arrows,Mirror,Royal Ghost
2,Ladder,20211010T155759.000Z,<c3>Kou<c4>bele,rony2.0,0,1,Goblin Cage,Mega Minion,Baby Dragon,Royal Giant,Barbarian Barrel,Fireball,Lumberjack,Electro Spirit,Electro Wizard,Dark Prince,Fireball,Arrows,Mega Knight,Inferno Dragon,Goblin Drill,Bandit
3,Ladder,20211010T155319.000Z,<c3>Kou<c4>bele,Redbrightness,0,1,Goblin Cage,Mega Minion,Baby Dragon,Royal Giant,Barbarian Barrel,Fireball,Lumberjack,Electro Spirit,Hog Rider,Valkyrie,Musketeer,Bomb Tower,Skeletons,The Log,Earthquake,Giant Snowball
4,Ladder,20211010T154946.000Z,<c3>Kou<c4>bele,⭐NS 뮤츠™⭐,1,0,Goblin Cage,Mega Minion,Baby Dragon,Royal Giant,Barbarian Barrel,Fireball,Lumberjack,Electro Spirit,Skeletons,Skeleton Dragons,Cannon Cart,Royal Hogs,Mother Witch,Goblin Cage,Fireball,The Log
5,Ladder,20211010T154610.000Z,<c3>Kou<c4>bele,Pc l Shu™,0,1,Inferno Dragon,Electro Dragon,Elixir Golem,Battle Healer,Elite Barbarians,Bomber,Rage,Arrows,Lava Hound,Mega Minion,Electro Dragon,Goblin Cage,Miner,Guards,Tornado,Barbarian Barrel
6,Ladder,20211010T154237.000Z,<c3>Kou<c4>bele,Thomas,0,2,Inferno Dragon,Electro Dragon,Elixir Golem,Battle Healer,Elite Barbarians,Bomber,Rage,Arrows,Inferno Tower,Goblin Barrel,Goblin Gang,Valkyrie,Ice Spirit,Rocket,The Log,Princess
7,Ladder,20211010T153859.000Z,<c3>Kou<c4>bele,VINNE ¹³,0,3,Archers,Mega Minion,Knight,Miner,Giant Snowball,Balloon,Barbarian Barrel,Bomb Tower,Inferno Dragon,Electro Dragon,Elixir Golem,Battle Healer,Elite Barbarians,Bomber,Rage,Arrows
8,Ladder,20211010T153533.000Z,<c3>Kou<c4>bele,GS❤️上杉绘梨衣,0,1,Arrows,Balloon,Electro Wizard,Fireball,Inferno Dragon,Knight,Miner,Tesla,Miner,Dark Prince,Rocket,Tesla,Royal Delivery,The Log,Skeletons,Spear Goblins
9,Ladder,20211010T152957.000Z,<c3>Kou<c4>bele,菜叶,0,1,Archers,Mega Minion,Knight,Miner,Giant Snowball,Balloon,Barbarian Barrel,Bomb Tower,Prince,Dark Prince,Giant,Miner,Fireball,Zap,Electro Wizard,Mega Minion
10,Ladder,20211010T152100.000Z,<c3>Kou<c4>bele,I am Ziad,1,3,Lava Hound,Balloon,Barbarians,Skeleton Dragons,Miner,Arrows,Zap,Inferno Dragon,Dark Prince,Electro Wizard,Goblin Giant,Mega Minion,Mini P.E.K.K.A,Rage,Sparky,Zap
11,Ladder,20211010T151721.000Z,<c3>Kou<c4>bele,天外飛仙,0,1,Lava Hound,Balloon,Guards,Skeleton Dragons,Miner,Fireball,Zap,Inferno Dragon,Knight,Archers,Tesla,Skeletons,X-Bow,Electro Spirit,Fireball,The Log
12,Ladder,20211010T151346.000Z,<c3>Kou<c4>bele,S m o,3,2,Lava Hound,Balloon,Guards,Skeleton Dragons,Miner,Fireball,Zap,Inferno Dragon,Bandit,Electro Wizard,Inferno Dragon,Mega Knight,Poison,Ram Rider,Royal Ghost,Zap
13,Ladder,20211010T150911.000Z,<c3>Kou<c4>bele,CHN丨这货不是渣渣希,1,2,Lava Hound,Balloon,Barbarians,Skeleton Dragons,Miner,Arrows,Zap,Inferno Dragon,Mega Knight,Bandit,Ram Rider,Barbarian Barrel,Inferno Dragon,Giant Snowball,Poison,Electro Wizard
14,Ladder,20211010T150523.000Z,<c3>Kou<c4>bele,Big Jasp TV,0,3,Lava Hound,Balloon,Barbarians,Skeleton Dragons,Miner,Arrows,Zap,Inferno Dragon,P.E.K.K.A,Mother Witch,Dark Prince,Ram Rider,Bandit,Zap,Fireball,Electro Wizard
15,Ladder,20211010T150253.000Z,<c3>Kou<c4>bele,S.M❄️,1,3,Lava Hound,Balloon,Barbarians,Skeleton Dragons,Miner,Arrows,Zap,Inferno Dragon,Mega Minion,Night Witch,Bomber,Golem,Zap,Lumberjack,Elite Barbarians,Arrows
16,Ladder,20211010T145921.000Z,<c3>Kou<c4>bele,jordy,0,2,Lava Hound,Balloon,Barbarians,Skeleton Dragons,Miner,Arrows,Zap,Inferno Dragon,Hunter,Goblin Barrel,Valkyrie,Fire Spirit,Wall Breakers,Electro Spirit,Skeletons,Rocket
5,Ladder,20211010T034705.000Z,FN｜萌少小伟,YoSoyRick_YT,1,0,Valkyrie,Wall Breakers,Spear Goblins,Magic Archer,The Log,Miner,Bomb Tower,Tornado,Royal Giant,Goblin Cage,Skeletons,Lightning,Mega Minion,Firecracker,Electro Spirit,The Log
6,Ladder,20211010T033911.000Z,FN｜萌少小伟,♡Mauricio♡,1,0,Valkyrie,Wall Breakers,Spear Goblins,Magic Archer,The Log,Miner,Bomb Tower,Tornado,Valkyrie,Tornado,Ice Spirit,Zap,Miner,Executioner,Balloon,Skeletons
7,Ladder,20211010T033447.000Z,FN｜萌少小伟,♣️♦️Pedal♥️♠️,3,0,Valkyrie,Wall Breakers,Spear Goblins,Magic Archer,The Log,Miner,Bomb Tower,Tornado,Royal Recruits,Wall Breakers,Furnace,Elite Barbarians,Princess,Firecracker,Goblin Hut,Mirror
8,Ladder,20211010T033234.000Z,FN｜萌少小伟,Robin,0,0,Valkyrie,Wall Breakers,Spear Goblins,Magic Archer,The Log,Miner,Bomb Tower,Tornado,Dart Goblin,Mega Knight,Goblin Barrel,Princess,Prince,Skeleton Army,Bats,Royal Giant
9,Ladder,20211010T032656.000Z,FN｜萌少小伟,《DARK SENTINEL》,0,1,Valkyrie,Wall Breakers,Spear Goblins,Magic Archer,The Log,Miner,Bomb Tower,Tornado,Cannon,Ice Golem,Hog Rider,Skeletons,The Log,Musketeer,Fireball,Ice Spirit
10,Ladder,20211010T032120.000Z,FN｜萌少小伟,<c2>⚡️Manuel⚡️,1,2,Valkyrie,Wall Breakers,Spear Goblins,Magic Archer,The Log,Miner,Bomb Tower,Tornado,Giant,Graveyard,Arrows,Bats,Musketeer,Giant Snowball,Elite Barbarians,Skeleton Army
11,Ladder,20211010T031119.000Z,FN｜萌少小伟,L Lawliet,1,0,Valkyrie,Wall Breakers,Spear Goblins,Magic Archer,The Log,Miner,Bomb Tower,Tornado,Goblin Barrel,Knight,Princess,Rocket,Electro Spirit,Skeletons,Tesla,The Log
12,Ladder,20211010T030605.000Z,FN｜萌少小伟,D◇E◇R◇E◇K,0,1,Valkyrie,Wall Breakers,Spear Goblins,Magic Archer,The Log,Miner,Bomb Tower,Tornado,Lava Hound,Balloon,Mega Minion,Minions,Fireball,Zap,Tombstone,Valkyrie
14,Ladder,20211009T154505.000Z,FN｜萌少小伟,S m o,0,1,Valkyrie,Wall Breakers,Spear Goblins,Magic Archer,The Log,Miner,Bomb Tower,Tornado,Bandit,Electro Wizard,Inferno Dragon,Mega Knight,Poison,Ram Rider,Royal Ghost,Zap
15,Ladder,20211009T153709.000Z,FN｜萌少小伟,Mannuel™,1,0,Valkyrie,Wall Breakers,Spear Goblins,Magic Archer,The Log,Miner,Bomb Tower,Tornado,Goblin Drill,Wall Breakers,Skeletons,The Log,Bomber,Valkyrie,Tesla,Fireball
20,Ladder,20211009T151216.000Z,FN｜萌少小伟,β◆taku◆β,1,0,Valkyrie,Wall Breakers,Spear Goblins,Magic Archer,The Log,Miner,Bomb Tower,Tornado,The Log,Ice Wizard,X-Bow,Tesla,Rocket,Valkyrie,Tornado,Electro Spirit
0,Ladder,20211010T172412.000Z,Real Madrid,tec tec,0,1,Ice Golem,Hog Rider,Musketeer,Fireball,Electro Spirit,Skeletons,Cannon,The Log,Goblin Giant,Sparky,Elite Barbarians,Electro Wizard,Heal Spirit,Dark Prince,Rage,Zap
1,Ladder,20211010T171542.000Z,Real Madrid,L Lawliet,1,0,Ice Golem,Hog Rider,Musketeer,Fireball,Electro Spirit,Skeletons,Cannon,The Log,Graveyard,Knight,Ice Wizard,Baby Dragon,Goblin Cage,Poison,Tornado,Barbarian Barrel
2,Ladder,20211010T170953.000Z,Real Madrid,ヒロは神です✨,1,0,Ice Golem,Hog Rider,Musketeer,Fireball,Electro Spirit,Skeletons,Cannon,The Log,Bandit,Magic Archer,Fireball,Zap,Battle Ram,Electro Wizard,P.E.K.K.A,Royal Ghost
3,Ladder,20211010T170606.000Z,Real Madrid,Husse16ッ,1,2,Ice Golem,Hog Rider,Musketeer,Fireball,Electro Spirit,Skeletons,Cannon,The Log,Lava Hound,Mega Minion,Skeleton Dragons,Balloon,Guards,Zap,Miner,Fireball
4,Ladder,20211010T165919.000Z,Real Madrid,SANTIAGO BR™,2,1,Ice Golem,Hog Rider,Musketeer,Fireball,Electro Spirit,Skeletons,Cannon,The Log,Lava Hound,Lumberjack,Baby Dragon,Guards,Arrows,Clone,Bats,Flying Machine
5,Ladder,20211010T165416.000Z,Real Madrid,■_Note_■,1,0,Ice Golem,Hog Rider,Musketeer,Fireball,Electro Spirit,Skeletons,Cannon,The Log,Mortar,Minion Horde,Fireball,Cannon Cart,The Log,Miner,Spear Goblins,Goblin Gang
10,Ladder,20211010T151158.000Z,Trainer Tobi布達克,ゆーすけさんたまりあ,0,1,Musketeer,Cannon,Ice Spirit,Ice Golem,Hog Rider,Fireball,The Log,Skeletons,Princess,Goblin Barrel,Valkyrie,Tesla,Electro Spirit,Skeletons,The Log,Rocket
11,Ladder,20211010T145617.000Z,Trainer Tobi布達克,아론,0,1,Musketeer,Cannon,Ice Spirit,Ice Golem,Hog Rider,Fireball,The Log,Skeletons,Spear Goblins,Wall Breakers,Magic Archer,Tornado,The Log,Miner,Valkyrie,Tesla
12,Ladder,20211010T144700.000Z,Trainer Tobi布達克,wwwwwwww,1,0,Musketeer,Cannon,Ice Spirit,Ice Golem,Hog Rider,Fireball,The Log,Skeletons,Mega Knight,Hog Rider,Inferno Dragon,Electro Wizard,Goblin Gang,Bats,Poison,Zap
13,Ladder,20211010T144236.000Z,Trainer Tobi布達克,BlackRose,0,1,Musketeer,Cannon,Ice Spirit,Ice Golem,Hog Rider,Fireball,The Log,Skeletons,P.E.K.K.A,Balloon,Dark Prince,Mother Witch,Skeleton Dragons,Electro Wizard,Freeze,Tornado
14,Ladder,20211010T143350.000Z,Trainer Tobi布達克,EdUaRdO#cool,1,0,Musketeer,Cannon,Ice Spirit,Ice Golem,Hog Rider,Fireball,The Log,Skeletons,Magic Archer,Bandit,Zap,Electro Wizard,Poison,Battle Ram,Royal Ghost,P.E.K.K.A
21,Ladder,20211010T020249.000Z,Trainer Tobi布達克,Ahmed,3,0,Musketeer,Cannon,Ice Spirit,Ice Golem,Hog Rider,Fireball,The Log,Skeletons,The Log,Ice Golem,Fireball,Ice Spirit,Hog Rider,Musketeer,Skeletons,Cannon
22,Ladder,20211010T013342.000Z,Trainer Tobi布達克,HIRONERU,0,1,Valkyrie,Bomb Tower,Goblin Barrel,Dart Goblin,Skeleton Barrel,Giant Snowball,Skeleton Army,Princess,Hog Rider,Valkyrie,Musketeer,Bomb Tower,Skeletons,Fire Spirit,Earthquake,Giant Snowball
23,Ladder,20211010T010610.000Z,Trainer Tobi布達克,りく,0,3,Valkyrie,Bomb Tower,Goblin Barrel,Dart Goblin,Skeleton Barrel,Giant Snowball,Skeleton Army,Princess,Tesla,Goblin Barrel,Electro Spirit,Knight,Goblin Gang,Rocket,The Log,Princess
24,Ladder,20211010T010243.000Z,Trainer Tobi布達克,Fabrizzio™️,0,1,Valkyrie,Bomb Tower,Goblin Barrel,Dart Goblin,Skeleton Barrel,Giant Snowball,Skeleton Army,Princess,Royal Giant,Skeletons,Fireball,Fisherman,Mother Witch,Dark Prince,Mega Minion,The Log
2,Ladder,20211010T045439.000Z,Baiano™,すっぽんぽん,1,0,Musketeer,Hog Rider,Cannon,Ice Spirit,Skeletons,Fireball,Ice Golem,The Log,Rascals,Dark Prince,Princess,Goblin Barrel,Prince,Dart Goblin,The Log,Rocket
3,Ladder,20211010T044916.000Z,Baiano™,<c2>ZAPOT</c,1,0,Musketeer,Hog Rider,Cannon,Ice Spirit,Skeletons,Fireball,Ice Golem,The Log,Goblin Hut,Barbarian Barrel,Furnace,Fireball,Mother Witch,Flying Machine,Mega Knight,Cannon Cart
4,Ladder,20211010T013530.000Z,Baiano™,【80.90】陈海林,3,0,Musketeer,Hog Rider,Cannon,Ice Spirit,Skeletons,Fireball,Ice Golem,The Log,Mega Knight,Valkyrie,Executioner,The Log,Inferno Dragon,Hog Rider,Tornado,Lightning
5,Ladder,20211010T012644.000Z,Baiano™,™️Alétheia✨,1,0,Musketeer,Hog Rider,Cannon,Ice Spirit,Skeletons,Fireball,Ice Golem,The Log,Goblin Giant,Prince,Dark Prince,Fireball,Spear Goblins,Bats,Goblin Gang,Zap
6,Ladder,20211010T005842.000Z,Baiano™,あいう,1,0,Musketeer,Hog Rider,Cannon,Ice Spirit,Skeletons,Fireball,Ice Golem,The Log,Zap,Bats,Bomber,Firecracker,Bandit,Valkyrie,Ram Rider,Mega Knight
7,Ladder,20211010T005438.000Z,Baiano™,Sãïf Éddínë,1,0,Musketeer,Hog Rider,Cannon,Ice Spirit,Skeletons,Fireball,Ice Golem,The Log,Mortar,Goblin Gang,Knight,Poison,Skeleton Barrel,Spear Goblins,Musketeer,The Log
8,Ladder,20211010T005047.000Z,Baiano™,Ad I Light✨,1,0,Musketeer,Hog Rider,Cannon,Ice Spirit,Skeletons,Fireball,Ice Golem,The Log,Hog Rider,Prince,Spear Goblins,Goblins,Minions,Barbarians,Fireball,Zap
9,Ladder,20211010T004605.000Z,Baiano™,✨⚡️CRAZY⚡️✨,0,1,Musketeer,Hog Rider,Cannon,Ice Spirit,Skeletons,Fireball,Ice Golem,The Log,Dark Prince,Mega Minion,Sparky,Zap,Electro Wizard,Rage,Mini P.E.K.K.A,Goblin Giant
10,Ladder,20211010T004123.000Z,Baiano™,BANDITØ II-//,0,1,Musketeer,Hog Rider,Cannon,Ice Spirit,Skeletons,Fireball,Ice Golem,The Log,Electro Spirit,The Log,Goblin Barrel,Princess,Skeletons,Valkyrie,Inferno Tower,Rocket
11,Ladder,20211010T003650.000Z,Baiano™,レベル差えぐい,0,1,Musketeer,Hog Rider,Cannon,Ice Spirit,Skeletons,Fireball,Ice Golem,The Log,Electro Spirit,Barbarian Barrel,Fisherman,Zappies,Skeleton Dragons,Ram Rider,Royal Recruits,Fireball
12,Ladder,20211010T003321.000Z,Baiano™,Golden Gatito,0,1,Musketeer,Hog Rider,Cannon,Ice Spirit,Skeletons,Fireball,Ice Golem,The Log,Witch,Lumberjack,Skeleton Barrel,Clone,Cannon Cart,Goblin Hut,Barbarian Barrel,Tornado
13,Ladder,20211010T002204.000Z,Baiano™,Pep,1,0,Musketeer,Hog Rider,Cannon,Ice Spirit,Skeletons,Fireball,Ice Golem,The Log,Goblin Giant,Sparky,Mega Minion,Elite Barbarians,Heal Spirit,Mother Witch,Zap,Rage
14,Ladder,20211010T001654.000Z,Baiano™,Cami10125,1,0,Musketeer,Hog Rider,Cannon,Ice Spirit,Skeletons,Fireball,Ice Golem,The Log,Graveyard,Cannon Cart,Poison,Hunter,Goblin Cage,Mega Minion,Royal Delivery,Barbarian Barrel
15,Ladder,20211010T001211.000Z,Baiano™,WE ✨Deivi弗✨,0,1,Musketeer,Hog Rider,Cannon,Ice Spirit,Skeletons,Fireball,Ice Golem,The Log,Valkyrie,Skeletons,Fire Spirit,Firecracker,Tesla,The Log,Earthquake,Hog Rider
16,Ladder,20211010T000722.000Z,Baiano™,SilverKevin,1,0,Musketeer,Hog Rider,Cannon,Ice Spirit,Skeletons,Fireball,Ice Golem,The Log,Electro Wizard,Fireball,Baby Dragon,Goblin Hut,Royal Delivery,Valkyrie,Barbarian Barrel,Graveyard
17,Ladder,20211010T000318.000Z,Baiano™,Biggriz53,0,1,Musketeer,Hog Rider,Cannon,Ice Spirit,Skeletons,Fireball,Ice Golem,The Log,The Log,Fireball,Minion Horde,Goblin Gang,Royal Giant,Sparky,Inferno Tower,Zap
18,Ladder,20211009T235851.000Z,Baiano™,José hinojosa,1,0,Musketeer,Hog Rider,Cannon,Ice Spirit,Skeletons,Fireball,Ice Golem,The Log,Mega Knight,Goblin Hut,Flying Machine,The Log,Fireball,Bandit,Cannon Cart,Mother Witch
19,Ladder,20211009T235329.000Z,Baiano™,Omar,0,1,Musketeer,Hog Rider,Cannon,Ice Spirit,Skeletons,Fireball,Ice Golem,The Log,Royal Hogs,Mini P.E.K.K.A,Ice Golem,Fireball,Goblin Gang,Bats,The Log,Princess
20,Ladder,20211009T233913.000Z,Baiano™,☆OMAR FVI☆,3,0,Musketeer,Hog Rider,Cannon,Ice Spirit,Skeletons,Fireball,Ice Golem,The Log,Mega Knight,Zap,Wizard,Bats,Miner,Goblin Gang,Tornado,Bandit
21,Ladder,20211009T233738.000Z,Baiano™,Starkiller,1,0,Musketeer,Hog Rider,Cannon,Ice Spirit,Skeletons,Fireball,Ice Golem,The Log,P.E.K.K.A,Royal Ghost,Electro Wizard,Bandit,Fireball,Battle Ram,Zap,Magic Archer
22,Ladder,20211009T233318.000Z,Baiano™,Jesus,1,0,Musketeer,Hog Rider,Cannon,Ice Spirit,Skeletons,Fireball,Ice Golem,The Log,Balloon,Bomber,Fireball,Giant Snowball,Inferno Dragon,Lava Hound,Mega Minion,Skeletons
23,Ladder,20211009T233006.000Z,Baiano™,ルイージ,1,0,Musketeer,Hog Rider,Cannon,Ice Spirit,Skeletons,Fireball,Ice Golem,The Log,Bandit,Dark Prince,Rascals,Princess,Guards,Rocket,Goblin Barrel,The Log
24,Ladder,20211009T232451.000Z,Baiano™,ダイナミックスケベ｜Alive,0,1,Musketeer,Hog Rider,Cannon,Ice Spirit,Skeletons,Fireball,Ice Golem,The Log,Ice Golem,Barbarian Barrel,Giant Snowball,Bomb Tower,Miner,Musketeer,Balloon,Skeletons
7,Ladder,20211009T025723.000Z,Viktor,❤☠️GAME OVER☠️❤,3,0,Musketeer,Skeletons,Ice Spirit,Fireball,Hog Rider,Cannon,Ice Golem,The Log,Battle Healer,Rage,Arrows,Mother Witch,Elixir Golem,Night Witch,Electro Dragon,Elite Barbarians
8,Ladder,20211009T025313.000Z,Viktor,Yuri anna,1,0,Musketeer,Skeletons,Ice Spirit,Fireball,Hog Rider,Cannon,Ice Golem,The Log,Bandit,Fireball,Zap,Electro Wizard,Minions,Battle Ram,Royal Ghost,P.E.K.K.A
9,Ladder,20211009T024748.000Z,Viktor,ふぃりったん,0,1,Musketeer,Skeletons,Ice Spirit,Fireball,Hog Rider,Cannon,Ice Golem,The Log,Musketeer,Bandit,Mega Knight,Zap,Bats,Wall Breakers,Barbarian Barrel,Miner
10,Ladder,20211009T024243.000Z,Viktor,マヨネーズ大統領,0,1,Musketeer,Skeletons,Ice Spirit,Fireball,Hog Rider,Cannon,Ice Golem,The Log,Bowler,Fireball,Goblin Barrel,The Log,Mirror,Minion Horde,Furnace,Rascals
11,Ladder,20211009T023736.000Z,Viktor,NS｜黎明,1,0,Musketeer,Skeletons,Ice Spirit,Fireball,Hog Rider,Cannon,Ice Golem,The Log,Royal Giant,Goblin Cage,Baby Dragon,Mega Minion,Lumberjack,Barbarian Barrel,Electro Spirit,Fireball
12,Ladder,20211009T023200.000Z,Viktor,Meth™,1,0,Musketeer,Skeletons,Ice Spirit,Fireball,Hog Rider,Cannon,Ice Golem,The Log,Lava Hound,Baby Dragon,Bats,Flying Machine,Skeleton Army,Lumberjack,Fireball,Clone
13,Ladder,20211009T022632.000Z,Viktor,⭐STRONG⭐,1,0,Musketeer,Skeletons,Ice Spirit,Fireball,Hog Rider,Cannon,Ice Golem,The Log,P.E.K.K.A,Tornado,Dark Prince,Electro Dragon,Baby Dragon,Bomber,Freeze,Balloon
14,Ladder,20211009T022259.000Z,Viktor,D◇E◇R◇E◇K,0,3,Musketeer,Skeletons,Ice Spirit,Fireball,Hog Rider,Cannon,Ice Golem,The Log,Mega Minion,Skeleton Dragons,Miner,Flying Machine,Tombstone,Lava Hound,Barbarians,Arrows
15,Ladder,20211009T021943.000Z,Viktor,SubZeroX♥️Alo✨,3,0,Musketeer,Skeletons,Ice Spirit,Fireball,Hog Rider,Cannon,Ice Golem,The Log,Dark Prince,Electro Wizard,Goblin Giant,Mega Minion,Mini P.E.K.K.A,Rage,Sparky,Zap
16,Ladder,20211009T021712.000Z,Viktor,菜叶,0,1,Musketeer,Skeletons,Ice Spirit,Fireball,Hog Rider,Cannon,Ice Golem,The Log,Prince,Dark Prince,Giant,Miner,Fireball,Zap,Electro Wizard,Mega Minion
17,Ladder,20211009T021117.000Z,Viktor,Genesis™✨,0,1,Ram Rider,Lumberjack,Magic Archer,Inferno Dragon,Bandit,Ice Golem,Fireball,Barbarian Barrel,Goblin Barrel,Knight,Rocket,Goblin Gang,The Log,Inferno Tower,Electro Spirit,Princess
18,Ladder,20211009T020506.000Z,Viktor,CMG ⚡️Edu Light,1,0,Ram Rider,Lumberjack,Magic Archer,Inferno Dragon,Bandit,Ice Golem,Fireball,Barbarian Barrel,Lumberjack,Balloon,Tornado,Barbarian Barrel,Inferno Dragon,Bowler,Electro Dragon,Freeze
19,Ladder,20211009T020049.000Z,Viktor,とーます,0,3,Ram Rider,Lumberjack,Magic Archer,Inferno Dragon,Bandit,Ice Golem,Fireball,Barbarian Barrel,Electro Giant,Miner,Balloon,Guards,Firecracker,Giant Snowball,Barbarian Barrel,Hunter
20,Ladder,20211009T015703.000Z,Viktor,清歌丨Nicoco23¶,0,3,Ram Rider,Lumberjack,Magic Archer,Inferno Dragon,Bandit,Ice Golem,Fireball,Barbarian Barrel,Heal Spirit,Mother Witch,Battle Ram,Royal Ghost,Elite Barbarians,Bandit,Barbarian Barrel,Magic Archer
21,Ladder,20211009T015338.000Z,Viktor,THC LucDubs,0,1,Ram Rider,Lumberjack,Magic Archer,Inferno Dragon,Bandit,Ice Golem,Fireball,Barbarian Barrel,Royal Giant,Skeletons,Royal Ghost,Barbarian Barrel,Fisherman,Electro Spirit,Bats,Fireball
22,Ladder,20211009T014944.000Z,Viktor,diegoarmand11,0,1,Ram Rider,Lumberjack,Magic Archer,Inferno Dragon,Bandit,Ice Golem,Fireball,Barbarian Barrel,Mega Knight,Minion Horde,Tesla,Goblin Barrel,Arrows,The Log,Bats,Fire Spirit
23,Ladder,20211009T014458.000Z,Viktor,Damp,0,1,Ram Rider,Lumberjack,Magic Archer,Inferno Dragon,Bandit,Ice Golem,Fireball,Barbarian Barrel,Inferno Dragon,Balloon,Tornado,Barbarian Barrel,Lumberjack,Bowler,Electro Dragon,Freeze
24,Ladder,20211009T013736.000Z,Viktor,大罗天⭐️Tiago️❤️亚索,0,1,Ram Rider,Lumberjack,Magic Archer,Inferno Dragon,Bandit,Ice Golem,Fireball,Barbarian Barrel,Royal Hogs,Goblin Cage,Fireball,The Log,Cannon Cart,Mother Witch,Skeleton Dragons,Skeletons
4,Ladder,20211010T050333.000Z,Checkmate,AntagonisM,1,0,Ice Golem,Musketeer,Skeletons,Fireball,Hog Rider,Cannon,Fire Spirit,The Log,Electro Giant,Inferno Dragon,Dark Prince,Bomber,Mother Witch,Goblin Cage,Lightning,Tornado
5,Ladder,20211010T045758.000Z,Checkmate,♣️♦️Pedal♥️♠️,1,0,Ice Golem,Musketeer,Skeletons,Fireball,Hog Rider,Cannon,Fire Spirit,The Log,Royal Recruits,Wall Breakers,Royal Ghost,Elite Barbarians,Princess,Firecracker,Bandit,Goblin Drill
6,Ladder,20211010T045235.000Z,Checkmate,KeremIsGod⭐,1,0,Ice Golem,Musketeer,Skeletons,Fireball,Hog Rider,Cannon,Fire Spirit,The Log,Firecracker,Skeletons,Royal Giant,The Log,Prince,Electro Wizard,Miner,Fireball
7,Ladder,20211010T044825.000Z,Checkmate,Moray,0,1,Ice Golem,Musketeer,Skeletons,Fireball,Hog Rider,Cannon,Fire Spirit,The Log,Spear Goblins,Bomb Tower,Valkyrie,Wall Breakers,Tornado,The Log,Miner,Magic Archer
8,Ladder,20211010T043729.000Z,Checkmate,D◇E◇R◇E◇K,3,0,Ice Golem,Musketeer,Skeletons,Fireball,Hog Rider,Cannon,Fire Spirit,The Log,Mega Minion,Skeleton Dragons,Miner,Flying Machine,Tombstone,Lava Hound,Barbarians,Arrows
21,Ladder,20211010T033756.000Z,Checkmate,GRAF,1,0,Ice Golem,Musketeer,Skeletons,Fireball,Hog Rider,Cannon,Fire Spirit,The Log,The Log,Goblin Gang,Miner,Fire Spirit,Rocket,Poison,Inferno Tower,Valkyrie
22,Ladder,20211010T033255.000Z,Checkmate,༺ ི༼ ɴ.ʀ ʙᴏss༽,2,1,Valkyrie,Hog Rider,Firecracker,Tesla,Skeletons,Fire Spirit,The Log,Earthquake,Ram Rider,Inferno Dragon,Magic Archer,Lumberjack,Bandit,Barbarian Barrel,Fireball,Royal Ghost
23,Ladder,20211010T032715.000Z,Checkmate,Edzon.J.C.A,0,1,Firecracker,The Log,Hog Rider,Valkyrie,Skeletons,Tesla,Fire Spirit,Earthquake,Giant Snowball,Mega Knight,Mother Witch,Balloon,Fisherman,Electro Spirit,Inferno Dragon,Fireball
24,Ladder,20211010T032344.000Z,Checkmate,JoseWolFF⭐,0,1,Firecracker,The Log,Hog Rider,Valkyrie,Skeletons,Tesla,Fire Spirit,Earthquake,Graveyard,Knight,Baby Dragon,Tornado,Barbarian Barrel,Goblin Cage,Fireball,Mega Minion
0,Ladder,20211010T032807.000Z,BIO CruuzZ✊,NS｜黎明,1,0,Royal Giant,Fisherman,Fireball,The Log,Electro Wizard,Mega Minion,Goblin Cage,Dark Prince,P.E.K.K.A,Royal Ghost,Bandit,Battle Ram,Magic Archer,Electro Wizard,Zap,Poison
1,Ladder,20211009T215016.000Z,BIO CruuzZ✊,TEMPEST,1,0,Royal Giant,Fisherman,Fireball,The Log,Electro Wizard,Mega Minion,Goblin Cage,Dark Prince,Graveyard,Valkyrie,Ice Wizard,Baby Dragon,Goblin Cage,Barbarian Barrel,Tornado,Fireball
2,Ladder,20211009T210952.000Z,BIO CruuzZ✊,☢️__D@nY__☢️,1,0,Ice Golem,Hog Rider,Musketeer,Fireball,Ice Spirit,Skeletons,Cannon,The Log,Royal Ghost,Battle Ram,Bandit,Magic Archer,Fireball,P.E.K.K.A,Electro Wizard,Zap
3,Ladder,20211009T210542.000Z,BIO CruuzZ✊,Prob,0,1,Ice Golem,Hog Rider,Musketeer,Fireball,Ice Spirit,Skeletons,Cannon,The Log,Fireball,Goblin Gang,Knight,Mortar,Musketeer,Skeleton Barrel,Spear Goblins,The Log
4,Ladder,20211009T140011.000Z,BIO CruuzZ✊,Soma zain,1,0,Inferno Dragon,Ice Golem,Fireball,Lumberjack,Zap,Magic Archer,Battle Ram,Royal Ghost,Giant,Tornado,Skeleton Army,Wizard,Sparky,Zap,Elite Barbarians,Minion Horde
5,Ladder,20211009T135640.000Z,BIO CruuzZ✊,Demon丶春风化雨™,2,1,Inferno Dragon,Ice Golem,Fireball,Lumberjack,Zap,Magic Archer,Battle Ram,Royal Ghost,Goblin Giant,Mini P.E.K.K.A,Rage,Dark Prince,Electro Wizard,Sparky,Zap,Bats
6,Ladder,20211009T114745.000Z,BIO CruuzZ✊,たつくん,1,0,Royal Giant,Fisherman,Fireball,The Log,Hunter,Mother Witch,Skeletons,Electro Spirit,Valkyrie,Hog Rider,Arrows,Skeletons,Musketeer,Cannon Cart,Mortar,Bats
10,Ladder,20211009T091036.000Z,BIO CruuzZ✊,Thug Life ™,0,3,Royal Giant,Fisherman,Fireball,The Log,Hunter,Mother Witch,Skeletons,Electro Spirit,P.E.K.K.A,Battle Ram,Zap,Fireball,Electro Wizard,Bandit,Royal Ghost,Magic Archer
13,Ladder,20211009T071932.000Z,BIO CruuzZ✊,あんかば,1,0,Barbarian Barrel,Graveyard,Knight,Goblin Cage,Tornado,Fireball,Baby Dragon,Mega Minion,Magic Archer,Fireball,Zap,Electro Wizard,Bandit,Battle Ram,Royal Ghost,P.E.K.K.A
14,Ladder,20211009T071402.000Z,BIO CruuzZ✊,为什么不能升级？,1,0,Barbarian Barrel,Graveyard,Knight,Goblin Cage,Tornado,Fireball,Baby Dragon,Mega Minion,Inferno Dragon,Mega Knight,Barbarian Barrel,Zap,Poison,Electro Wizard,Royal Hogs,Bandit
21,Ladder,20211008T220105.000Z,BIO CruuzZ✊,EtR I 八代目 東 八千代,0,1,Fireball,Fisherman,Mega Minion,Mother Witch,Royal Ghost,Royal Giant,Skeletons,The Log,Lava Hound,Inferno Dragon,Tombstone,Zap,Balloon,Skeleton Dragons,Valkyrie,Fireball
22,Ladder,20211008T215749.000Z,BIO CruuzZ✊,KING OF ZUERA,1,2,Fireball,Fisherman,Mega Minion,Mother Witch,Royal Ghost,Royal Giant,Skeletons,The Log,Lava Hound,Arrows,Minions,Tombstone,Inferno Dragon,Guards,Fireball,Balloon
23,Ladder,20211008T034306.000Z,BIO CruuzZ✊,♦️ALE_R23♦️,1,0,Fireball,Fisherman,Mega Minion,Mother Witch,Royal Ghost,Royal Giant,Skeletons,The Log,Giant,Skeleton Army,Dark Prince,Minions,Giant Snowball,Musketeer,Graveyard,Arrows
24,Ladder,20211008T032845.000Z,BIO CruuzZ✊,emotion,1,0,Fireball,Fisherman,Mega Minion,Mother Witch,Royal Ghost,Royal Giant,Skeletons,The Log,Musketeer,Baby Dragon,Skeletons,Poison,Graveyard,Barbarian Barrel,Knight,Bomb Tower
9,Ladder,20211008T212342.000Z,CHN｜Boris✨,❤Florem❤,0,1,Giant,Prince,Dark Prince,Miner,Electro Wizard,Zap,Fireball,Mega Minion,Electro Wizard,Dark Prince,Prince,Mega Minion,Fireball,Giant,Zap,Miner
19,Ladder,20211008T182742.000Z,CHN｜Boris✨,Ziad,2,1,Fireball,Tombstone,Zap,Barbarians,Skeleton Dragons,Mega Minion,Balloon,Lava Hound,Dark Prince,Electro Wizard,Goblin Giant,Mega Minion,Mini P.E.K.K.A,Rage,Sparky,Zap
20,Ladder,20211008T182139.000Z,CHN｜Boris✨,FACE,0,1,Fireball,Tombstone,Zap,Barbarians,Skeleton Dragons,Mega Minion,Balloon,Lava Hound,Graveyard,Knight,Ice Wizard,Baby Dragon,Goblin Cage,Barbarian Barrel,Tornado,Poison
21,Ladder,20211008T181700.000Z,CHN｜Boris✨,TRB❄️$_Gman_$❄️,2,1,Fireball,Tombstone,Zap,Barbarians,Skeleton Dragons,Mega Minion,Balloon,Lava Hound,Mega Knight,Lumberjack,Balloon,Prince,Wizard,Bats,Giant Snowball,Barbarian Barrel
6,Ladder,20211008T015623.000Z,Light Goblin,Hisoka,1,0,Ice Golem,Hog Rider,Cannon,Fireball,Ice Spirit,Skeletons,Musketeer,The Log,Miner,Balloon,Tornado,Executioner,Valkyrie,Skeletons,Ice Spirit,Zap
7,Ladder,20211008T015127.000Z,Light Goblin,EzeQuiel,2,1,Ice Golem,Hog Rider,Cannon,Fireball,Ice Spirit,Skeletons,Musketeer,The Log,Lava Hound,Balloon,Inferno Dragon,Fireball,Zap,Barbarians,Valkyrie,Baby Dragon
8,Ladder,20211008T000953.000Z,Light Goblin,тащер,1,0,Ice Golem,Hog Rider,Cannon,Fireball,Ice Spirit,Skeletons,Musketeer,The Log,Skeleton Army,Prince,Valkyrie,Hog Rider,Lightning,Electro Wizard,Arrows,Furnace
23,Ladder,20211010T012925.000Z,2.6での私の人生✋,Femi,1,0,Rocket,The Log,Tornado,Executioner,Valkyrie,Hog Rider,Ice Spirit,Goblins,Goblin Hut,Furnace,Rocket,Musketeer,Valkyrie,Arrows,Skeleton Army,Goblin Barrel
24,Ladder,20211010T012451.000Z,2.6での私の人生✋,β◆taku◆β,0,1,Rocket,The Log,Tornado,Executioner,Valkyrie,Hog Rider,Ice Spirit,Goblins,The Log,Ice Wizard,X-Bow,Tesla,Rocket,Valkyrie,Tornado,Electro Spirit
0,Ladder,20211010T161854.000Z,LUIS FELIPE,GamePossedion⚡☠,1,3,Lumberjack,Balloon,Tornado,Barbarian Barrel,Inferno Dragon,Bowler,Electro Dragon,Freeze,Goblin Giant,Sparky,Mega Minion,Elite Barbarians,Heal Spirit,Mother Witch,Zap,Rage
1,Ladder,20211010T161624.000Z,LUIS FELIPE,angel,0,1,Lumberjack,Balloon,Tornado,Barbarian Barrel,Inferno Dragon,Bowler,Electro Dragon,Freeze,Lumberjack,Balloon,Tornado,Barbarian Barrel,Inferno Dragon,Bowler,Electro Dragon,Freeze
2,Ladder,20211010T161258.000Z,LUIS FELIPE,☆кย๒ยรк™☆,2,1,Lumberjack,Balloon,Tornado,Barbarian Barrel,Inferno Dragon,Bowler,Electro Dragon,Freeze,Inferno Dragon,Balloon,Miner,Arrows,Guards,Skeleton Dragons,Fireball,Lava Hound
3,Ladder,20211010T160908.000Z,LUIS FELIPE,海布里之王,1,0,Lumberjack,Balloon,Tornado,Barbarian Barrel,Inferno Dragon,Bowler,Electro Dragon,Freeze,Royal Giant,Fisherman,The Log,Mother Witch,Royal Ghost,Skeletons,Fireball,Mega Minion
4,Ladder,20211010T160355.000Z,LUIS FELIPE,~♤Gianpaolo♤~,0,1,Lumberjack,Balloon,Tornado,Barbarian Barrel,Inferno Dragon,Bowler,Electro Dragon,Freeze,Mother Witch,Zap,Fireball,Fisherman,P.E.K.K.A,Elite Barbarians,Electro Wizard,Battle Ram
5,Ladder,20211010T160025.000Z,LUIS FELIPE,PLANET,0,1,Lumberjack,Balloon,Tornado,Barbarian Barrel,Inferno Dragon,Bowler,Electro Dragon,Freeze,Valkyrie,Hog Rider,Goblins,Ice Spirit,Executioner,Tornado,Rocket,The Log
6,Ladder,20211010T155440.000Z,LUIS FELIPE,Lothar丨ロリウス,1,0,Lumberjack,Balloon,Tornado,Barbarian Barrel,Inferno Dragon,Bowler,Electro Dragon,Freeze,Skeleton Dragons,Fireball,Royal Hogs,The Log,Cannon Cart,Goblin Cage,Mother Witch,Skeletons
7,Ladder,20211010T155114.000Z,LUIS FELIPE,Total Clash YT,1,0,Lumberjack,Balloon,Tornado,Barbarian Barrel,Inferno Dragon,Bowler,Electro Dragon,Freeze,Prince,Skeleton Army,Witch,Giant,Fireball,Bats,Zap,Goblin Gang
8,Ladder,20211010T154748.000Z,LUIS FELIPE,FK,0,1,Lumberjack,Balloon,Tornado,Barbarian Barrel,Inferno Dragon,Bowler,Electro Dragon,Freeze,Prince,Goblin Gang,Goblin Barrel,Princess,The Log,Dart Goblin,Rascals,Rocket
9,Ladder,20211010T154404.000Z,LUIS FELIPE,ヨッシー,0,2,Lumberjack,Balloon,Tornado,Barbarian Barrel,Inferno Dragon,Bowler,Electro Dragon,Freeze,Mega Knight,Inferno Dragon,Miner,Skeleton Barrel,Goblin Gang,Prince,Bats,Zap
10,Ladder,20211010T154044.000Z,LUIS FELIPE,Nova I ShayaN,1,0,Lumberjack,Balloon,Tornado,Barbarian Barrel,Inferno Dragon,Bowler,Electro Dragon,Freeze,Mega Minion,Night Witch,Lumberjack,Golem,Zap,Bomber,Elite Barbarians,Arrows
11,Ladder,20211010T153650.000Z,LUIS FELIPE,Arpin,0,1,Royal Giant,Fireball,Dark Prince,The Log,Mother Witch,Fisherman,Mega Minion,Electro Spirit,Fireball,P.E.K.K.A,Barbarian Barrel,Dark Prince,Electro Wizard,Mother Witch,Ram Rider,Bandit
12,Ladder,20211010T153250.000Z,LUIS FELIPE,Nemesis™✨,0,2,Royal Giant,Fireball,Dark Prince,The Log,Mother Witch,Fisherman,Mega Minion,Electro Spirit,Fireball,Zap,Magic Archer,Royal Ghost,Electro Wizard,Battle Ram,P.E.K.K.A,Bandit
24,Ladder,20211008T233258.000Z,Ｋａｅｄｅ Ｒｕｋａｗａ①①,D◇E◇R◇E◇K,2,1,Hog Rider,Ice Golem,Musketeer,Cannon,Skeletons,Ice Spirit,The Log,Fireball,Lava Hound,Balloon,Skeleton Dragons,Mega Minion,Fireball,Zap,Tombstone,Barbarians
0,Ladder,20211010T181517.000Z,Nova I Shyloo,✴Riyad Taflis ⛔,0,3,Ice Golem,Hog Rider,Musketeer,Fireball,Ice Spirit,Skeletons,Cannon,The Log,Goblin Barrel,Tesla,Ice Spirit,Rocket,Goblin Gang,The Log,Princess,Knight
1,Ladder,20211010T181058.000Z,Nova I Shyloo,Tha Legend,1,0,Ice Golem,Hog Rider,Musketeer,Fireball,Ice Spirit,Skeletons,Cannon,The Log,Goblin Gang,Cannon Cart,Spear Goblins,Mortar,Minion Horde,The Log,Miner,Fireball
2,Ladder,20211010T180534.000Z,Nova I Shyloo,Flexinz.™️❤️,1,0,Ice Golem,Hog Rider,Musketeer,Fireball,Ice Spirit,Skeletons,Cannon,The Log,Knight,Skeletons,Archers,The Log,Electro Spirit,Tesla,Fireball,X-Bow
3,Ladder,20211010T180017.000Z,Nova I Shyloo,Elit Co Rikardo,2,1,Ice Golem,Hog Rider,Musketeer,Fireball,Ice Spirit,Skeletons,Cannon,The Log,Lava Hound,Balloon,Mega Minion,Skeleton Dragons,Guards,Valkyrie,Fireball,Zap
4,Ladder,20211010T175648.000Z,Nova I Shyloo,Sulli⭐van™,1,0,Ice Golem,Hog Rider,Musketeer,Fireball,Ice Spirit,Skeletons,Cannon,The Log,Barbarian Barrel,Royal Ghost,Bandit,Elite Barbarians,Three Musketeers,Elixir Collector,Heal Spirit,Ice Golem
5,Ladder,20211010T175145.000Z,Nova I Shyloo,Bruno sem gemas,0,1,Ice Golem,Hog Rider,Musketeer,Fireball,Ice Spirit,Skeletons,Cannon,The Log,Giant,Giant Snowball,Night Witch,Skeleton Army,Bowler,Graveyard,Arrows,Bats
13,Ladder,20211009T070640.000Z,Nova I Shyloo,xShunTy,1,0,Ice Golem,Hog Rider,Musketeer,Fireball,Ice Spirit,Skeletons,Cannon,The Log,Skeletons,Fire Spirit,Firecracker,Tesla,Earthquake,Valkyrie,Hog Rider,The Log
14,Ladder,20211009T070204.000Z,Nova I Shyloo,✨JossMar✨,1,0,Ice Golem,Hog Rider,Musketeer,Fireball,Ice Spirit,Skeletons,Cannon,The Log,Fireball,Goblin Cage,Arrows,Cannon Cart,Baby Dragon,Electro Wizard,Battle Healer,Graveyard
15,Ladder,20211009T065832.000Z,Nova I Shyloo,CHALO,1,0,Ice Golem,Hog Rider,Musketeer,Fireball,Ice Spirit,Skeletons,Cannon,The Log,Ice Wizard,Barbarian Barrel,Tornado,Baby Dragon,Lightning,Mega Minion,Goblin Cage,Royal Giant
16,Ladder,20211008T171713.000Z,Nova I Shyloo,とーます,0,3,Ice Golem,Hog Rider,Musketeer,Fireball,Ice Spirit,Skeletons,Cannon,The Log,Electro Giant,Miner,Balloon,Guards,Firecracker,Giant Snowball,Barbarian Barrel,Hunter
17,Ladder,20211008T171506.000Z,Nova I Shyloo,❤Florem❤,1,0,Ice Golem,Hog Rider,Musketeer,Fireball,Ice Spirit,Skeletons,Cannon,The Log,Electro Wizard,Dark Prince,Prince,Mega Minion,Fireball,Giant,Zap,Miner
18,Ladder,20211008T170948.000Z,Nova I Shyloo,Dr Karl,1,0,Ice Golem,Hog Rider,Musketeer,Fireball,Ice Spirit,Skeletons,Cannon,The Log,Electro Wizard,Freeze,Lumberjack,Balloon,Inferno Tower,Wizard,The Log,Goblin Gang
19,Ladder,20211008T170534.000Z,Nova I Shyloo,✨Johnny-Rocket✨,0,1,Ice Golem,Hog Rider,Musketeer,Fireball,Ice Spirit,Skeletons,Cannon,The Log,Giant Skeleton,Sparky,Hunter,Bats,Skeleton Army,Arrows,Wall Breakers,Miner
20,Ladder,20211008T170154.000Z,Nova I Shyloo,아론,1,3,Ice Golem,Hog Rider,Musketeer,Fireball,Ice Spirit,Skeletons,Cannon,The Log,Skeleton Dragons,Guards,Goblin Cage,Lava Hound,Mega Minion,Arrows,Flying Machine,Miner
21,Ladder,20211008T165641.000Z,Nova I Shyloo,P.Dybala,1,2,Ice Golem,Hog Rider,Musketeer,Fireball,Ice Spirit,Skeletons,Cannon,The Log,Electro Wizard,Fireball,Tombstone,Zap,Balloon,Mega Minion,Minions,Lava Hound
22,Ladder,20211008T165246.000Z,Nova I Shyloo,CldS l ⚡Vinny™⚡,1,0,Ice Golem,Hog Rider,Musketeer,Fireball,Ice Spirit,Skeletons,Cannon,The Log,Miner,Spear Goblins,The Log,Wall Breakers,Bomb Tower,Valkyrie,Bats,Fireball
23,Ladder,20211008T164901.000Z,Nova I Shyloo,TLG⚡️Josu.,1,0,Ice Golem,Hog Rider,Musketeer,Fireball,Ice Spirit,Skeletons,Cannon,The Log,Lumberjack,Balloon,Tornado,Barbarian Barrel,Inferno Dragon,Bowler,Electro Dragon,Freeze
24,Ladder,20211008T151637.000Z,Nova I Shyloo,By_Alexis17,1,0,Ice Golem,Hog Rider,Musketeer,Fireball,Ice Spirit,Skeletons,Cannon,The Log,Barbarian Barrel,Mother Witch,Bandit,Electro Wizard,Cannon Cart,Fireball,Elite Barbarians,Heal Spirit
28,Ladder,20211002T153751.000Z,Dz I Clappix❤️✨,one,1,0,Ice Golem,Hog Rider,Musketeer,Fireball,Ice Spirit,Skeletons,Cannon,The Log,Wall Breakers,Bandit,Dark Prince,Goblin Drill,Zap,Fireball,Inferno Dragon,Bats
29,Ladder,20211002T153430.000Z,Dz I Clappix❤️✨,Jesús_MC,1,0,Ice Golem,Hog Rider,Musketeer,Fireball,Ice Spirit,Skeletons,Cannon,The Log,Mother Witch,Fireball,Royal Giant,Barbarian Barrel,Goblin Cage,Mega Minion,Dark Prince,Fisherman
30,Ladder,20211002T152911.000Z,Dz I Clappix❤️✨,ばるったん,0,1,Ice Golem,Hog Rider,Musketeer,Fireball,Ice Spirit,Skeletons,Cannon,The Log,Royal Giant,Lumberjack,Lightning,Electro Spirit,Mega Minion,Baby Dragon,Barbarian Barrel,Goblin Cage
31,Ladder,20211002T152434.000Z,Dz I Clappix❤️✨,Пik-taщer,1,0,Ice Golem,Hog Rider,Musketeer,Fireball,Ice Spirit,Skeletons,Cannon,The Log,Lava Hound,Miner,Guards,Skeleton Dragons,Flying Machine,Arrows,Tombstone,Mega Minion
32,Ladder,20211002T151939.000Z,Dz I Clappix❤️✨,<c6>Ðk I Elmer戈,0,2,Ice Golem,Hog Rider,Musketeer,Fireball,Ice Spirit,Skeletons,Cannon,The Log,Miner,Inferno Dragon,Balloon,Lava Hound,Arrows,Skeleton Dragons,Zap,Barbarians
33,Ladder,20211002T151622.000Z,Dz I Clappix❤️✨,THE｜Peace:),1,0,Ice Golem,Hog Rider,Musketeer,Fireball,Ice Spirit,Skeletons,Cannon,The Log,Ram Rider,Bandit,Inferno Dragon,Magic Archer,Zappies,Royal Recruits,Barbarian Barrel,Fireball
34,Ladder,20211002T151040.000Z,Dz I Clappix❤️✨,Falco,0,1,Ice Golem,Hog Rider,Musketeer,Fireball,Ice Spirit,Skeletons,Cannon,The Log,Royal Giant,Firecracker,Mega Minion,Cannon,Skeletons,Electro Spirit,The Log,Earthquake
35,Ladder,20211002T150537.000Z,Dz I Clappix❤️✨,Nova I⚡Michael⚡,1,0,Ice Golem,Hog Rider,Musketeer,Fireball,Ice Spirit,Skeletons,Cannon,The Log,P.E.K.K.A,Barbarian Barrel,Baby Dragon,Lightning,Ram Rider,Electro Wizard,Bandit,Giant Snowball
36,Ladder,20211002T145726.000Z,Dz I Clappix❤️✨,PE I❤️Azul✨,1,0,Ice Golem,Hog Rider,Musketeer,Fireball,Ice Spirit,Skeletons,Cannon,The Log,Bowler,Lumberjack,Tornado,Baby Dragon,Inferno Dragon,Barbarian Barrel,Freeze,Balloon
37,Ladder,20211002T145236.000Z,Dz I Clappix❤️✨,❤DARK NOE❤,0,1,Ice Golem,Hog Rider,Musketeer,Fireball,Ice Spirit,Skeletons,Cannon,The Log,Knight,Mortar,Cannon Cart,Fireball,Spear Goblins,Hunter,Graveyard,Barbarian Barrel
38,Ladder,20211002T144912.000Z,Dz I Clappix❤️✨,weedman_69,1,0,Ice Golem,Hog Rider,Musketeer,Fireball,Ice Spirit,Skeletons,Cannon,The Log,Mother Witch,Mega Minion,Mini P.E.K.K.A,Knight,Furnace,Goblin Hut,Skeletons,Fireball
39,Ladder,20211002T143021.000Z,Dz I Clappix❤️✨,我是傻妞妞,1,0,Ice Golem,Hog Rider,Musketeer,Fireball,Ice Spirit,Skeletons,Cannon,The Log,Flying Machine,Barbarian Barrel,Mother Witch,Elite Barbarians,Furnace,Goblin Hut,Fireball,Cannon Cart
40,Ladder,20211002T142344.000Z,Dz I Clappix❤️✨,<c5>Ruusskov,0,3,Ice Golem,Hog Rider,Musketeer,Fireball,Ice Spirit,Skeletons,Cannon,The Log,Royal Giant,Goblin Barrel,Prince,Mega Knight,Dart Goblin,Princess,Skeleton Army,Bats
41,Ladder,20211002T142153.000Z,Dz I Clappix❤️✨,쫀쫀바리,1,0,Ice Golem,Hog Rider,Musketeer,Fireball,Ice Spirit,Skeletons,Cannon,The Log,Mega Knight,Firecracker,Electro Wizard,Mother Witch,Lightning,Dark Prince,Hog Rider,Goblin Cage
42,Ladder,20211002T141752.000Z,Dz I Clappix❤️✨,Dario_6,1,0,Ice Golem,Hog Rider,Musketeer,Fireball,Ice Spirit,Skeletons,Cannon,The Log,Lava Hound,Balloon,Barbarians,Inferno Dragon,Arrows,Miner,Skeleton Dragons,Zap
43,Ladder,20211002T141423.000Z,Dz I Clappix❤️✨,OMG it's Caesar,0,1,Ice Golem,Hog Rider,Musketeer,Fireball,Ice Spirit,Skeletons,Cannon,The Log,Miner,Knight,Poison,Bats,The Log,Spear Goblins,Bomb Tower,Wall Breakers
44,Ladder,20211002T140933.000Z,Dz I Clappix❤️✨,Ｋ１ｌｌｅｒ,1,3,Ice Golem,Hog Rider,Musketeer,Fireball,Ice Spirit,Skeletons,Cannon,The Log,Arrows,Balloon,Skeleton Dragons,Miner,Lava Hound,Inferno Dragon,Barbarians,Zap
45,Ladder,20211002T140607.000Z,Dz I Clappix❤️✨,キミー,1,0,Ice Golem,Hog Rider,Musketeer,Fireball,Ice Spirit,Skeletons,Cannon,The Log,P.E.K.K.A,Royal Hogs,Heal Spirit,Electro Dragon,Magic Archer,Dark Prince,Tornado,Barbarian Barrel
46,Ladder,20211002T140029.000Z,Dz I Clappix❤️✨,sergio 91,1,0,Ice Golem,Hog Rider,Musketeer,Fireball,Ice Spirit,Skeletons,Cannon,The Log,Barbarian Barrel,Electro Giant,Mother Witch,Furnace,Goblin Hut,Lightning,Barbarians,Tornado
47,Ladder,20211002T135354.000Z,Dz I Clappix❤️✨,⭐NS I 검무⭐™,0,1,Cannon,Ice Spirit,Skeletons,The Log,Ice Golem,Hog Rider,Musketeer,Fireball,Knight,Baby Dragon,Tornado,Barbarian Barrel,Poison,Graveyard,Ice Wizard,Bomb Tower
48,Ladder,20211002T134853.000Z,Dz I Clappix❤️✨,TAKUYA,1,0,Cannon,Ice Spirit,Skeletons,The Log,Ice Golem,Hog Rider,Musketeer,Fireball,Electro Giant,Dark Prince,Lightning,Inferno Dragon,Tornado,Skeletons,Goblin Cage,Bomber
49,Ladder,20210926T141418.000Z,Clappix,P.E.K.K.A,1,0,Ice Spirit,Fireball,The Log,Hog Rider,Musketeer,Ice Golem,Skeletons,Cannon,Elite Barbarians,Barbarian Barrel,Fireball,Battle Ram,Electro Wizard,Bandit,Royal Ghost,Magic Archer
50,Ladder,20210926T141032.000Z,Clappix,✨Fil-O-Zoo-F✨,0,1,Ice Spirit,Fireball,The Log,Hog Rider,Musketeer,Ice Golem,Skeletons,Cannon,Freeze,Tornado,Graveyard,Baby Dragon,Zappies,Valkyrie,Inferno Dragon,Bowler
51,Ladder,20210926T140501.000Z,Clappix,Jale,0,1,Ice Spirit,Fireball,The Log,Hog Rider,Musketeer,Ice Golem,Skeletons,Cannon,Rocket,The Log,Knight,Goblin Gang,Goblin Barrel,Princess,Electro Spirit,Inferno Tower
52,Ladder,20210926T135956.000Z,Clappix,Boo,0,1,Ice Spirit,Fireball,The Log,Hog Rider,Musketeer,Ice Golem,Skeletons,Cannon,Hog Rider,Goblin Barrel,Goblin Gang,Princess,Skeleton Army,Inferno Tower,Fireball,The Log
55,Ladder,20210926T113543.000Z,Clappix,GJ SINGH (IND),1,0,Hog Rider,Musketeer,Cannon,Fireball,Skeletons,Ice Spirit,Ice Golem,The Log,Three Musketeers,Royal Hogs,Fireball,The Log,Ice Golem,Hunter,Skeletons,Heal Spirit
56,Ladder,20210926T113208.000Z,Clappix,Punisher,1,0,Hog Rider,Musketeer,Cannon,Fireball,Skeletons,Ice Spirit,Ice Golem,The Log,Goblin Giant,Sparky,Elite Barbarians,Bats,Heal Spirit,Mega Minion,Zap,Rage
57,Ladder,20210926T112845.000Z,Clappix,Lugia,0,1,Hog Rider,Musketeer,Cannon,Fireball,Skeletons,Ice Spirit,Ice Golem,The Log,The Log,Bats,Spear Goblins,Fireball,Miner,Knight,Bomb Tower,Wall Breakers
58,Ladder,20210926T112522.000Z,Clappix,GS❤MidFinger,0,1,Hog Rider,Musketeer,Cannon,Fireball,Skeletons,Ice Spirit,Ice Golem,The Log,Flying Machine,Mega Knight,Magic Archer,Bandit,Fireball,Royal Hogs,Goblin Cage,Mega Minion
59,Ladder,20210926T112022.000Z,Clappix,⚡⚡Adri_10⚡⚡,1,3,Hog Rider,Musketeer,Cannon,Fireball,Skeletons,Ice Spirit,Ice Golem,The Log,Lava Hound,Minion Horde,Elixir Collector,Goblin Gang,Arrows,Minions,Skeleton Army,Balloon
60,Ladder,20210926T111640.000Z,Clappix,Ace,0,1,Hog Rider,Musketeer,Cannon,Fireball,Skeletons,Ice Spirit,Ice Golem,The Log,Golem,Lumberjack,Baby Dragon,Electro Dragon,Cannon Cart,Mega Minion,Barbarian Barrel,Tornado
61,Ladder,20210926T111248.000Z,Clappix,❤Miss credentE❤,0,1,Hog Rider,Musketeer,Cannon,Fireball,Skeletons,Ice Spirit,Ice Golem,The Log,Flying Machine,Furnace,Fireball,Mother Witch,Mega Knight,Cannon Cart,Goblin Hut,Barbarian Barrel
62,Ladder,20210926T110721.000Z,Clappix,Angry Shark,1,2,Hog Rider,Musketeer,Cannon,Fireball,Skeletons,Ice Spirit,Ice Golem,The Log,Bomber,Arrows,Skeletons,Miner,Inferno Dragon,Minions,Balloon,Lava Hound
63,Ladder,20210926T110331.000Z,Clappix,nico,1,0,Hog Rider,Musketeer,Cannon,Fireball,Skeletons,Ice Spirit,Ice Golem,The Log,Furnace,Goblin Hut,Flying Machine,Fireball,Mother Witch,Valkyrie,Cannon Cart,The Log
64,Ladder,20210926T105759.000Z,Clappix,Yubeshimaru,0,1,Hog Rider,Musketeer,Cannon,Fireball,Skeletons,Ice Spirit,Ice Golem,The Log,Knight,Ice Wizard,Baby Dragon,Tornado,Fireball,Graveyard,Goblin Cage,Barbarian Barrel
65,Ladder,20210926T105208.000Z,Clappix,SRG I Ivan,1,0,Hog Rider,Musketeer,Cannon,Fireball,Skeletons,Ice Spirit,Ice Golem,The Log,Mega Knight,Flying Machine,Mother Witch,Zappies,Goblin Hut,Poison,Barbarian Barrel,Bandit
66,Ladder,20210926T104642.000Z,Clappix,メジロアルダン❄️,1,3,Hog Rider,Musketeer,Cannon,Fireball,Skeletons,Ice Spirit,Ice Golem,The Log,Golem,Mega Minion,Zap,Arrows,Elite Barbarians,Lumberjack,Bomber,Night Witch
67,Ladder,20210926T104120.000Z,Clappix,오사카꿀주먹,1,0,Hog Rider,Musketeer,Cannon,Fireball,Skeletons,Ice Spirit,Ice Golem,The Log,The Log,Arrows,P.E.K.K.A,Electro Wizard,Goblin Barrel,Princess,Zap,Skeleton Army
68,Ladder,20210926T103759.000Z,Clappix,⚡CocOp⚡,0,1,Hog Rider,Musketeer,Cannon,Fireball,Skeletons,Ice Spirit,Ice Golem,The Log,Mortar,Miner,Musketeer,Elite Barbarians,The Log,Fireball,Ice Golem,Spear Goblins
69,Ladder,20210926T103417.000Z,Clappix,える,1,0,Hog Rider,Musketeer,Cannon,Fireball,Skeletons,Ice Spirit,Ice Golem,The Log,Electro Wizard,P.E.K.K.A,Giant Snowball,Bandit,Lightning,Baby Dragon,Ram Rider,Barbarian Barrel
70,Ladder,20210926T102831.000Z,Clappix,MONYK,0,1,Ice Spirit,Fireball,The Log,Hog Rider,Musketeer,Ice Golem,Skeletons,Cannon,Royal Giant,Lightning,The Log,Guards,Arrows,Bomber,Mega Minion,Fisherman
71,Ladder,20210926T102407.000Z,Clappix,パトラッシュ,0,1,Ice Spirit,Fireball,The Log,Hog Rider,Musketeer,Ice Golem,Skeletons,Cannon,Ice Golem,Balloon,Musketeer,Miner,Bomb Tower,Barbarian Barrel,Giant Snowball,Skeletons
72,Ladder,20210926T102020.000Z,Clappix,Ruichi I まぁ〜る,0,1,Ice Spirit,Fireball,The Log,Hog Rider,Musketeer,Ice Golem,Skeletons,Cannon,Giant,Prince,Dark Prince,Miner,Electro Wizard,Mega Minion,Zap,Fireball
9,Ladder,20211010T104851.000Z,¿ わっつあほーん ?,wwwwwwww,1,0,Goblin Barrel,Dart Goblin,Rascals,Princess,Prince,Skeleton Army,Fireball,The Log,Mega Knight,Hog Rider,Inferno Dragon,Electro Wizard,Goblin Gang,Bats,Poison,Zap
0,Ladder,20211010T155312.000Z,Roronoa Zoro,JoseMG,3,1,Graveyard,Fireball,Arrows,Dark Prince,Valkyrie,Mega Minion,Mother Witch,Goblin Hut,Lumberjack,Balloon,Tornado,Barbarian Barrel,Inferno Dragon,Bowler,Electro Dragon,Freeze
1,Ladder,20211010T154957.000Z,Roronoa Zoro,David Tesen,0,1,Graveyard,Fireball,Arrows,Dark Prince,Valkyrie,Mega Minion,Mother Witch,Goblin Hut,Barbarian Barrel,Lumberjack,Musketeer,Ice Golem,Giant Snowball,Bats,Ice Spirit,Balloon
2,Ladder,20211010T154623.000Z,Roronoa Zoro,BC_SpellR4Noobs,1,2,Graveyard,Fireball,Arrows,Dark Prince,Valkyrie,Mega Minion,Mother Witch,Goblin Hut,Fireball,Bandit,Dark Prince,Hunter,Electro Giant,Cannon Cart,Tornado,Fisherman
3,Ladder,20211010T154225.000Z,Roronoa Zoro,ll Saucy T ll,1,0,Graveyard,Fireball,Arrows,Dark Prince,Valkyrie,Mega Minion,Mother Witch,Goblin Hut,Lumberjack,Inferno Tower,Wizard,Balloon,Skeleton Army,Freeze,Valkyrie,Arrows
4,Ladder,20211010T153859.000Z,Roronoa Zoro,Starkiller,1,0,Graveyard,Fireball,Arrows,Dark Prince,Valkyrie,Mega Minion,Mother Witch,Goblin Hut,Mega Knight,Baby Dragon,Ram Rider,Electro Wizard,Lumberjack,Magic Archer,Fireball,Bandit
5,Ladder,20211010T153546.000Z,Roronoa Zoro,Ad I Light✨,0,1,Graveyard,Fireball,Arrows,Dark Prince,Valkyrie,Mega Minion,Mother Witch,Goblin Hut,Hog Rider,Prince,Spear Goblins,Goblins,Minions,Barbarians,Fireball,Zap
6,Ladder,20211010T153126.000Z,Roronoa Zoro,Kira❤️BaiT,0,1,Graveyard,Fireball,Arrows,Dark Prince,Valkyrie,Mega Minion,Mother Witch,Goblin Hut,Goblin Barrel,Giant Snowball,Cannon Cart,Rascals,Bandit,Princess,Goblin Gang,The Log
7,Ladder,20211010T152554.000Z,Roronoa Zoro,⚡ⓢⓐⓜayush ❤,1,0,Graveyard,Fireball,Arrows,Dark Prince,Valkyrie,Mega Minion,Mother Witch,Goblin Hut,Goblin Giant,Sparky,Mega Minion,Elite Barbarians,Dark Prince,Mother Witch,Zap,Rage
8,Ladder,20211010T152244.000Z,Roronoa Zoro,maestro op crac,1,2,Graveyard,Fireball,Arrows,Dark Prince,Valkyrie,Mega Minion,Mother Witch,Goblin Hut,Lumberjack,Tornado,Electro Dragon,Bowler,Balloon,Inferno Dragon,Barbarian Barrel,Freeze
9,Ladder,20211010T151658.000Z,Roronoa Zoro,Boba4♥️Sqvix™️✨,3,0,Graveyard,Fireball,Arrows,Dark Prince,Valkyrie,Mega Minion,Mother Witch,Goblin Hut,Lava Hound,Inferno Dragon,Miner,Barbarians,Arrows,Zap,Skeleton Dragons,Balloon
10,Ladder,20211010T151431.000Z,Roronoa Zoro,PEDRO,1,0,Graveyard,Fireball,Arrows,Dark Prince,Valkyrie,Mega Minion,Mother Witch,Goblin Hut,Golem,Night Witch,Lumberjack,Baby Dragon,Skeleton Army,Bats,Clone,Arrows
11,Ladder,20211010T151105.000Z,Roronoa Zoro,AlaNCard,0,1,Graveyard,Fireball,Arrows,Dark Prince,Valkyrie,Mega Minion,Mother Witch,Goblin Hut,Royal Hogs,Mega Knight,Arrows,Dark Prince,Inferno Dragon,Goblin Cage,Fireball,Electro Wizard
12,Ladder,20211010T150736.000Z,Roronoa Zoro,KN777™ ¥,0,1,Graveyard,Fireball,Arrows,Dark Prince,Valkyrie,Mega Minion,Mother Witch,Goblin Hut,Skeletons,Knight,Tornado,Rocket,Tesla,X-Bow,Ice Wizard,The Log
13,Ladder,20211010T150413.000Z,Roronoa Zoro,AK$H@T PATEL,0,1,Graveyard,Fireball,Arrows,Dark Prince,Valkyrie,Mega Minion,Mother Witch,Goblin Hut,Electro Wizard,Rocket,Skeletons,The Log,X-Bow,Knight,Tornado,Tesla
14,Ladder,20211010T145857.000Z,Roronoa Zoro,ФPŤÎMŰM//ŠĶÝ™ツ,0,1,Graveyard,Fireball,Arrows,Dark Prince,Valkyrie,Mega Minion,Mother Witch,Goblin Hut,Tesla,Princess,Skeletons,Goblin Barrel,Skeleton Barrel,The Log,Dart Goblin,Knight
15,Ladder,20211010T145424.000Z,Roronoa Zoro,❤️Malévola❤️,0,1,Graveyard,Fireball,Arrows,Dark Prince,Valkyrie,Mega Minion,Mother Witch,Goblin Hut,P.E.K.K.A,Electro Wizard,Battle Ram,Royal Ghost,Zap,Poison,Bandit,Minions
16,Ladder,20211010T145042.000Z,Roronoa Zoro,⚡PΔUŁO KVIŽΔ⚡,1,0,Graveyard,Fireball,Arrows,Dark Prince,Valkyrie,Mega Minion,Mother Witch,Goblin Hut,The Log,Ice Spirit,Princess,Goblin Gang,Goblin Barrel,Valkyrie,Tesla,Rocket
17,Ladder,20211010T144710.000Z,Roronoa Zoro,よーへい,0,1,Graveyard,Fireball,Arrows,Dark Prince,Valkyrie,Mega Minion,Mother Witch,Goblin Hut,Knight,Electro Spirit,Tesla,Rocket,Goblin Barrel,Goblin Gang,Princess,The Log
18,Ladder,20211010T144144.000Z,Roronoa Zoro,✫ I ŠHĀDÕW ✨,3,0,Graveyard,Fireball,Arrows,Dark Prince,Valkyrie,Mega Minion,Mother Witch,Goblin Hut,Golem,Night Witch,Bomber,Skeleton Army,Wizard,Zap,Elite Barbarians,Tornado
19,Ladder,20211010T144007.000Z,Roronoa Zoro,FXPRO,0,1,Graveyard,Fireball,Arrows,Dark Prince,Valkyrie,Mega Minion,Mother Witch,Goblin Hut,Skeleton Army,Witch,Fireball,Musketeer,Hog Rider,Giant,Valkyrie,Minion Horde
20,Ladder,20211010T143645.000Z,Roronoa Zoro,sw11ke,3,1,Graveyard,Fireball,Arrows,Dark Prince,Valkyrie,Mega Minion,Mother Witch,Goblin Hut,Miner,Fireball,Giant Snowball,Inferno Dragon,Balloon,Minions,Lava Hound,Skeleton Army
21,Ladder,20211010T143220.000Z,Roronoa Zoro,⭐NS 뮤츠™⭐,1,0,Graveyard,Fireball,Arrows,Dark Prince,Valkyrie,Mega Minion,Mother Witch,Goblin Hut,Baby Dragon,Fireball,Goblin Cage,Barbarian Barrel,Graveyard,Knight,Tornado,Mega Minion
22,Ladder,20211010T142706.000Z,Roronoa Zoro,mike's acc,1,2,Graveyard,Fireball,Arrows,Dark Prince,Valkyrie,Mega Minion,Mother Witch,Goblin Hut,Goblin Giant,Tornado,Elite Barbarians,Zappies,Rage,Electro Wizard,Zap,Sparky
23,Ladder,20211010T142240.000Z,Roronoa Zoro,CN.one‘ Xz,1,0,Graveyard,Fireball,Arrows,Dark Prince,Valkyrie,Mega Minion,Mother Witch,Goblin Hut,Cannon,Musketeer,Rocket,The Log,Hog Rider,Ice Golem,Ice Spirit,Skeletons
24,Ladder,20211010T141702.000Z,Roronoa Zoro,you're muted,0,1,Graveyard,Fireball,Arrows,Dark Prince,Valkyrie,Mega Minion,Mother Witch,Goblin Hut,Flying Machine,Dark Prince,Furnace,Goblin Hut,Mother Witch,Elite Barbarians,Cannon Cart,Poison
5,Ladder,20211010T162034.000Z,Magic Jannik,RamboOo,1,0,Skeletons,Ice Spirit,Cannon,Hog Rider,Ice Golem,Musketeer,Fireball,The Log,Hog Rider,Tornado,Goblin Gang,Minion Horde,Executioner,Zap,Elite Barbarians,Freeze
6,Ladder,20211010T161403.000Z,Magic Jannik,~♤Gianpaolo♤~,1,0,Skeletons,Ice Spirit,Cannon,Hog Rider,Ice Golem,Musketeer,Fireball,The Log,Mother Witch,Zap,Fireball,Fisherman,P.E.K.K.A,Elite Barbarians,Electro Wizard,Battle Ram
7,Ladder,20211010T155914.000Z,Magic Jannik,ᴀɴɢ★ᴍᴇᴛᴀᴛʀᴏɴ⚡,1,0,Skeletons,Ice Spirit,Cannon,Hog Rider,Ice Golem,Musketeer,Fireball,The Log,Rascals,Prince,Dart Goblin,Princess,Goblin Gang,Goblin Barrel,Rocket,The Log
8,Ladder,20211010T155243.000Z,Magic Jannik,PLANET,3,0,Skeletons,Ice Spirit,Cannon,Hog Rider,Ice Golem,Musketeer,Fireball,The Log,Valkyrie,Hog Rider,Goblins,Ice Spirit,Executioner,Tornado,Rocket,The Log
9,Ladder,20211010T154119.000Z,Magic Jannik,CHN丨Mr.Ca$h✨,0,1,Skeletons,Ice Spirit,Cannon,Hog Rider,Ice Golem,Musketeer,Fireball,The Log,Royal Giant,Electro Spirit,Barbarians,Skeletons,Hunter,Earthquake,Firecracker,The Log
10,Ladder,20211010T153719.000Z,Magic Jannik,Cujo,0,1,Skeletons,Ice Spirit,Cannon,Hog Rider,Ice Golem,Musketeer,Fireball,The Log,Goblin Hut,Furnace,Flying Machine,Barbarian Barrel,Mega Knight,Cannon Cart,Fireball,Mother Witch
11,Ladder,20211010T151832.000Z,Magic Jannik,i ToRNaDo ツ,1,0,Skeletons,Ice Spirit,Cannon,Hog Rider,Ice Golem,Musketeer,Fireball,The Log,Tornado,Inferno Dragon,Lightning,Bowler,Guards,Electro Giant,Goblin Cage,Mother Witch
12,Ladder,20211010T151251.000Z,Magic Jannik,FK,1,0,Skeletons,Ice Spirit,Cannon,Hog Rider,Ice Golem,Musketeer,Fireball,The Log,Prince,Goblin Gang,Goblin Barrel,Princess,The Log,Dart Goblin,Rascals,Rocket
13,Ladder,20211010T150735.000Z,Magic Jannik,↪❣⭐SHAYLA⭐❣↩,1,2,Skeletons,Ice Spirit,Cannon,Hog Rider,Ice Golem,Musketeer,Fireball,The Log,Mega Knight,Inferno Dragon,Balloon,Witch,Bandit,Skeleton Army,Arrows,Rage
14,Ladder,20211010T150256.000Z,Magic Jannik,Owl,1,2,Skeletons,Ice Spirit,Cannon,Hog Rider,Ice Golem,Musketeer,Fireball,The Log,Miner,Musketeer,Balloon,Bomb Tower,Skeletons,Ice Golem,Barbarian Barrel,Giant Snowball
15,Ladder,20211010T145742.000Z,Magic Jannik,clem,1,0,Skeletons,Ice Spirit,Cannon,Hog Rider,Ice Golem,Musketeer,Fireball,The Log,Bandit,The Log,Royal Giant,Electro Wizard,Wizard,P.E.K.K.A,Prince,Arrows
16,Ladder,20211010T145141.000Z,Magic Jannik,Leviツ,1,0,Skeletons,Ice Spirit,Cannon,Hog Rider,Ice Golem,Musketeer,Fireball,The Log,Royal Giant,Mega Minion,Fisherman,Mother Witch,Guards,Electro Spirit,The Log,Fireball
17,Ladder,20211010T144638.000Z,Magic Jannik,余地あああア,1,0,Skeletons,Ice Spirit,Cannon,Hog Rider,Ice Golem,Musketeer,Fireball,The Log,Mega Knight,Inferno Dragon,Balloon,Witch,Bandit,Skeleton Army,Arrows,Rage
18,Ladder,20211010T144142.000Z,Magic Jannik,le pourfendeur,0,1,Skeletons,Ice Spirit,Cannon,Hog Rider,Ice Golem,Musketeer,Fireball,The Log,P.E.K.K.A,Battle Ram,Electro Wizard,Royal Ghost,Magic Archer,Bandit,Fireball,Zap
19,Ladder,20211010T143747.000Z,Magic Jannik,<c5>嘟小嘟✨,0,1,Skeletons,Ice Spirit,Cannon,Hog Rider,Ice Golem,Musketeer,Fireball,The Log,Golem,Goblin Cage,Skeleton Dragons,Lightning,Night Witch,Baby Dragon,Tornado,Barbarian Barrel
20,Ladder,20211010T143342.000Z,Magic Jannik,ゆーすけさんたまりあ,0,1,Skeletons,Ice Spirit,Cannon,Hog Rider,Ice Golem,Musketeer,Fireball,The Log,Princess,Goblin Barrel,Valkyrie,Tesla,Electro Spirit,Skeletons,The Log,Rocket
1,Ladder,20211010T055952.000Z,Alive I シャム✨,好玩神❤️初拥✨,1,0,Lava Hound,Flying Machine,Skeleton Dragons,Mega Minion,Goblin Cage,Miner,Guards,Arrows,Electro Giant,Barbarian Barrel,Inferno Dragon,Lightning,Mother Witch,Goblin Cage,Dark Prince,Tornado
2,Ladder,20211010T055628.000Z,Alive I シャム✨,⚡AcNoLoGiA⚡,1,0,Lava Hound,Flying Machine,Skeleton Dragons,Mega Minion,Goblin Cage,Miner,Guards,Arrows,Balloon,Miner,Bomb Tower,Skeletons,Valkyrie,Tornado,Ice Wizard,Zap
3,Ladder,20211010T055211.000Z,Alive I シャム✨,あなた,1,0,Lava Hound,Flying Machine,Skeleton Dragons,Mega Minion,Goblin Cage,Miner,Guards,Arrows,Valkyrie,Hog Rider,Magic Archer,Skeletons,Tesla,Tornado,The Log,Electro Spirit
4,Ladder,20211010T054805.000Z,Alive I シャム✨,NS 丨⚡ice❤️sun⚡,0,1,Lava Hound,Flying Machine,Skeleton Dragons,Mega Minion,Goblin Cage,Miner,Guards,Arrows,Royal Ghost,The Log,Skeletons,Inferno Tower,Electro Spirit,Skeleton Barrel,Poison,Rocket
5,Ladder,20211010T054422.000Z,Alive I シャム✨,WAACHAN,0,1,Magic Archer,Electro Wizard,Heal Spirit,Elite Barbarians,Royal Ghost,Bandit,Battle Ram,Barbarian Barrel,Royal Hogs,Royal Recruits,Zappies,Flying Machine,Fireball,Electro Spirit,Goblin Cage,Barbarian Barrel
6,Ladder,20211010T053837.000Z,Alive I シャム✨,ざわ...ざわ,0,1,Magic Archer,Electro Wizard,Heal Spirit,Elite Barbarians,Royal Ghost,Bandit,Battle Ram,Barbarian Barrel,Miner,Bandit,Wall Breakers,Barbarian Barrel,Musketeer,Mega Knight,Bats,Zap
7,Ladder,20211010T053525.000Z,Alive I シャム✨,༼࿂༜ཌ༄604GODཇད༜༽,1,0,Magic Archer,Electro Wizard,Heal Spirit,Elite Barbarians,Royal Ghost,Bandit,Battle Ram,Barbarian Barrel,X-Bow,Archers,Knight,Fireball,Skeletons,Tesla,The Log,Ice Spirit
8,Ladder,20211010T053107.000Z,Alive I シャム✨,Sabi34327,0,1,Ice Golem,Hog Rider,Musketeer,Fireball,Ice Spirit,Skeletons,Cannon,The Log,P.E.K.K.A,Royal Ghost,Fireball,Electro Wizard,Skeletons,Ram Rider,Fisherman,Mother Witch
9,Ladder,20211010T052602.000Z,Alive I シャム✨,STALKER™,0,1,Ice Golem,Hog Rider,Musketeer,Fireball,Ice Spirit,Skeletons,Cannon,The Log,Giant,Electro Wizard,Miner,Prince,Dark Prince,Zap,Mega Minion,Fireball
10,Ladder,20211010T052226.000Z,Alive I シャム✨,Leviツ,0,1,Ice Golem,Hog Rider,Musketeer,Fireball,Ice Spirit,Skeletons,Cannon,The Log,Royal Giant,Mega Minion,Fisherman,Mother Witch,Guards,Electro Spirit,The Log,Fireball
11,Ladder,20211010T051906.000Z,Alive I シャム✨,King Erik,1,0,Ice Golem,Hog Rider,Musketeer,Fireball,Ice Spirit,Skeletons,Cannon,The Log,Princess,Rascals,Prince,Barbarian Barrel,Goblin Barrel,Goblin Gang,Dart Goblin,Rocket
12,Ladder,20211010T051542.000Z,Alive I シャム✨,m̸c̸ s̸t̸e̸v̸e̸,1,0,Ice Golem,Hog Rider,Musketeer,Fireball,Ice Spirit,Skeletons,Cannon,The Log,Mega Knight,Ram Rider,Bandit,Inferno Dragon,Electro Wizard,Barbarian Barrel,Poison,Giant Snowball
20,Ladder,20211009T130327.000Z,Alive I シャム✨,КОТ-НАРКОТ,1,0,Magic Archer,Electro Wizard,Heal Spirit,Elite Barbarians,Royal Ghost,Bandit,Battle Ram,Barbarian Barrel,Rocket,The Log,Princess,Goblin Barrel,Dart Goblin,Rascals,Prince,Goblin Gang
21,Ladder,20211009T125956.000Z,Alive I シャム✨,【.】,3,0,Magic Archer,Electro Wizard,Heal Spirit,Elite Barbarians,Royal Ghost,Bandit,Battle Ram,Barbarian Barrel,Elite Barbarians,Mega Minion,Rage,Electro Wizard,Sparky,Heal Spirit,Zap,Goblin Giant
22,Ladder,20211009T125618.000Z,Alive I シャム✨,lance,3,2,Magic Archer,Electro Wizard,Heal Spirit,Elite Barbarians,Royal Ghost,Bandit,Battle Ram,Barbarian Barrel,Lava Hound,Lightning,Balloon,Mega Minion,Tombstone,Minions,Goblin Gang,Arrows
23,Ladder,20211009T125208.000Z,Alive I シャム✨,KÄÎ,0,1,The Log,Tornado,Electro Spirit,Lightning,Skeletons,Tesla,Bomber,Electro Giant,Royal Hogs,Royal Recruits,Zappies,Goblin Cage,Arrows,Barbarian Barrel,Fireball,Flying Machine
24,Ladder,20211009T124802.000Z,Alive I シャム✨,UA I Clasher,0,3,Lava Hound,Flying Machine,Skeleton Dragons,Mega Minion,Goblin Cage,Miner,Guards,Arrows,Mega Minion,Night Witch,Elite Barbarians,Golem,Zap,Skeleton Army,Arrows,Fireball
